id,kind,priority,claim,as_recorded,confidence,flags,is_new,quote,source,notes,verdict,reviewer_note
dates:abul-faiz-qalander-ali-suharwardi:fa67ed3a,dates,1,"Abul Faiz Qalander Ali Suharwardi — b. Monday, 18 November 1885 (one account) — see variants; the shrine’s own custodians give 4 January 1895, d. 9 September 1958 [CE]",disputed,0.95,disputedDates,,"He died on 9 September 1958, and was buried at Hanjarwal, where his shrine now stands. ## Teachers and the Chain of",data/shrines.csv#shrine-of-abul-faiz-qalander-ali-suharwardi,,,
dates:allama-muhammad-iqbal:ebf64375,dates,1,"Allama Muhammad Iqbal — b. 9 November 1877, d. 21 April 1938 [CE]",disputed,0.95,disputedDates disagreesWithColumn nameCollisions,,"Muhammad Iqbal was born on 9 November 1877 in the city of Sialkot, in the Punjab, into a family descended from Kashmiri Brahmins who had embraced",data/shrines.csv#tomb-of-allama-iqbal-mazar-e-iqbal,,,
dates:bari-imam:8e3e0997,dates,1,"Bari Imam — b. 1617, d. 1705 [CE]",year,0.95,nameCollisions,,"Sayyid Abdul Latif Shah, called *Bari Imam* and *Bari Sarkar*, was born in 1617 into a Kazmi Sayyid family; tradition traces his descent to the Prophet through the Imams. From",data/shrines.csv#bari-imam,,,
dates:bhai-gurdas-singh-disciple-of-guru-gobind-singh:e52106f3,dates,1,"Bhai Gurdas Singh, disciple of Guru Gobind Singh — no date [unclear]",unrecorded,0.95,nameCollisions,,"founded by Bhai Gurdas Singh — also remembered by the name Kanhiya Lal — a disciple of Guru Gobind Singh who, after the Guru's death in 1708, is said to have travelled to Sindh and preached",data/shrines.csv#khatwari-darbar-shikarpur,,,
dates:bhai-gurdas-veneration-of-guru-nanak:4ac718f9,dates,1,Bhai Gurdas; veneration of Guru Nanak — no date [unclear],unrecorded,0.95,nameCollisions,,"born Bhai Kanya Lal, he is remembered as a Khalsa saint who received the blessing of Guru Gobind Singh himself before carrying that teaching into the towns of",data/shrines.csv#sevapanthi-darbar-bhai-gurdas-gandava,,,
dates:data-ganj-bakhsh:177773af,dates,1,"Data Ganj Bakhsh — b. c. 1009 (""around the turn of the eleventh century""), d. between about 1072 and 1077 CE (465–469 AH) [both]",range,0.95,disagreesWithColumn,,"He died in Lahore between about 1072 and 1077 CE (465–469 AH), and his grave, from the first, drew those who had loved",data/shrines.csv#data-darbar,,,
dates:guru-arjan-dev:62730619,dates,1,"Guru Arjan Dev — b. 1563, d. 1606 [CE]",year,0.95,nameCollisions,,"Guru Arjan (1563–1606), son of the fourth Guru, Ram Das, and grandson of the third, Amar Das, presided over the Sikh Panth at a",data/shrines.csv#gurdwara-dera-sahib,,,
dates:guru-gurpat:547fe0d6,dates,1,Guru Gurpat — d. 1877 [CE],year,0.95,disagreesWithColumn,,before his death in 1877 at the age of about seventy. ## The Darbar and Its Trust The present building at,data/shrines.csv#guru-gurpat-mandir-db-80-sirey-ghat,,,
dates:guru-nanak:25c855cf,dates,1,"Guru Nanak — b. 1469, ""a date commonly rendered as 15 April 1469 in the Common Era"", d. 1539 [CE]",year,0.95,nameCollisions,,"Guru Nanak was born, by tradition, in the year 1469 — a date commonly rendered as 15 April 1469 in the Common Era, though Sikhs observe his *Prakash Utsav* (birth celebration, also called",data/shrines.csv#gurudwara-janam-asthan-nankana-sahib,,,
dates:guru-nanak:a5789e9e,dates,1,"Guru Nanak — d. 22 September 1539 (""by tradition"") [CE]",exact-date,0.95,nameCollisions,,"Guru Nanak died at Kartarpur, by tradition on 22 September 1539. A cherished legend, preserved in",data/shrines.csv#gurdwara-darbar-sahib-kartarpur,,,
dates:hazrat-syed-azizuddin-al-hassani-wal-hussaini:9f2aeceb,dates,1,Hazrat Syed Azizuddin al-Hassani wal-Hussaini — d. 612 AH (1215 CE) [both],year,0.95,disagreesWithColumn,,He is said to have died in 612 AH (1215 CE). Alam Faqri's *Tazkirah Awliya-e-Pakistan* preserves the same broad outline,data/shrines.csv#shrine-of-peer-makki,,,
dates:kaka-sahib:442b8eb1,dates,1,"Kaka Sahib — b. the first of Ramazan in 1575, ""sometimes given as 1576"" [both]",disputed,0.95,disputedDates disagreesWithColumn,,"whose given name was *Syed Kasteer Gul* and who is also remembered by the honorific *Sheikh Rahmkar*. Born, by tradition, on the first of Ramazan in 1575 (sometimes given as 1576), he",data/shrines.csv#ziarat-kaka-sahib,,,
dates:khawaja-shah-muhammad-sulaiman-taunsvi:4babb176,dates,1,"Khawaja Shah Muhammad Sulaiman Taunsvi — b. c. 1770 (prose: ""around 1770""), d. 1850 [CE]",circa,0.95,disagreesWithColumn,,"Khwaja Muhammad Sulaiman was born around 1770 in the Taunsa region, into a Pathan family — whence his title *Pir Pathan* — and gave himself from youth to religious",data/shrines.csv#darbar-hazrat-khawaja-shah-muhammad-sulaiman-taunsvi-ra,,,
dates:khwaja-muhammad-qasim:36c4056b,dates,1,"Khwaja Muhammad Qasim — b. 1912, d. 21 March 1999 [CE]",exact-date,0.95,nameCollisions,,"Zinda Pir died on 21 March 1999 and is buried at the darbar, his tomb becoming a place of pilgrimage in its turn; his spiritual seat passed to his",data/shrines.csv#darbar-ghamkol-sharif-zinda-pir,,,
dates:maharaja-ranjit-singh:b70aaa62,dates,1,Maharaja Ranjit Singh — d. 27 June 1839 [CE],exact-date,0.95,disagreesWithColumn,,"Ranjit Singh, the ""Lion of Punjab,"" founded and ruled the Sikh Empire from 1801 until his death on 27 June 1839. Construction began the following",data/shrines.csv#samadhi-of-maharaja-ranjit-singh,,,
dates:mian-mir:961d30a5,dates,1,"Mian Mir — b. the sixteenth century, d. 1635 (1045 AH) [both]",disputed,0.95,disputedDates disagreesWithColumn,,"Mian Mir was born in the sixteenth century in Sehwan (Sivastan) in Sindh — the town lying, as the prince Dara Shikoh later noted, between the cities",data/shrines.csv#shrine-of-mian-mir,,,
dates:mian-muhammad-umar-chamkani:4cb8033f,dates,1,"Mian Muhammad Umar Chamkani — b. 1671 (""traditionally""), d. 1776 (this entry) / Rajab 1119 AH, approximately 1707-1708 CE (Alam Faqri) — unresolved [both]",disputed,0.95,disputedDates disagreesWithColumn,,"Mian Umar (traditionally 1671-1776) was a Sufi of the Naqshbandi order — a scholar, poet, social reformer, and historian who is counted, together",data/shrines.csv#shrine-of-mian-umar-baba-chamkani,,,
dates:shah-inayat-qadiri:c5f0c287,dates,1,"Shah Inayat Qadiri — b. around 1643, d. around 1728 [CE]",circa,0.95,nameCollisions,,"The field survey adds biographical detail not previously in this entry: his given name as Abul-Muarif Hanfi Qadri, his memorisation of the Qur'an by age five, and titles it records for him",data/shrines.csv#shrine-of-shah-inayat-qadiri,,,
dates:shah-yousuf:12485e87,dates,1,Shah Yousuf — no date [unclear],unrecorded,0.95,nameCollisions,,"almost nothing about the saint's life, lineage, or era survives in accessible written sources. The fifteenth-century founding date sometimes attached to the site could not be",data/shrines.csv#shah-yousuf,,,
dates:syed-shah-jamal-uddin-naqvi-bukhari:8db71a8d,dates,1,"Syed Shah Jamal Uddin Naqvi Bukhari — b. 1587 (""by the shrine’s account""), d. 1671 (the shrine’s own tradition) / 1649 — sources differ [CE]",disputed,0.95,disputedDates disagreesWithColumn,,"Born, by the shrine's account, in 1587, he is generally held to have died in the later seventeenth century, though sources differ on the precise",data/shrines.csv#shrine-of-shah-jamal,,,
dates:abdullah-shah-ghazi:da315cb0,dates,1,Abdullah Shah Ghazi — fl. the eighth century [CE],century,0.7,disagreesWithColumn,,Tradition places him in the eighth century and holds him to be a descendant of the Prophet through the line of Imam Hasan; for the people of Karachi he is the guardian of the,data/shrines.csv#shrine-of-abdullah-shah-ghazi,,,
dates:akhund-darweza-baba:7a84c1f3,dates,1,"Akhund Darweza Baba — b. 1533 (""traditionally""), d. 1638 (""traditionally"") [CE]",year,0.7,disagreesWithColumn,,*Akhund Darweza* (traditionally 1533-1638) was one of the most influential religious figures of the Pashtun country in the age of the Mughals — a,data/shrines.csv#shrine-of-akhund-darweza-baba,,,
dates:bibi-pak-daman:8c20ad68,dates,1,Bibi Pak Daman — no date [unclear],disputed,0.7,disputedDates,,"Two great traditions about the identity of the six women endure side by side, and the shrine holds meaning in both. The older and by far the more",data/shrines.csv#shrine-of-bibi-pak-daman,,,
dates:guru-gorakhnath:27b8df4e,dates,1,Guru Gorakhnath — fl. somewhere between the ninth and twelfth centuries CE [CE],disputed,0.7,disputedDates,,traditionally held to have lived somewhere between the ninth and twelfth centuries CE and revered as a *mahasiddha* and the founder of the *Nath* order of *yogis*. He is,data/shrines.csv#gorakhnath-goraknath-temple,,,
dates:hazrat-syed-abdul-wahab:736a3bdf,dates,1,Hazrat Syed Abdul Wahab — fl. the reign of the Mughal emperor Akbar (1556-1605) [unclear],unrecorded,0.7,nameCollisions,,a Sufi and preacher remembered as one of the great teachers of Islam in the Pashtun country during the reign of the Mughal emperor Akbar (1556-1605). Tradition holds that many were guided,data/shrines.csv#shrine-of-akhund-panju-baba,,,
dates:imam-ali-ul-haq:2820c194,dates,1,Imam Ali-ul-Haq — no date [unclear],disputed,0.7,disputedDates nameCollisions,,"Two broad traditions circulate about Imam Ali-ul-Haq, and they cannot easily be reconciled. According to the more commonly repeated local account, he lived in the medieval period",data/shrines.csv#shrine-of-imam-ali-ul-haq,,,
dates:khwaja-muhammad-qasim-sadiq:c5c8c27d,dates,1,Khwaja Muhammad Qasim Sadiq — b. about 1846 (1263 AH) [both],year,0.7,disputedDates disagreesWithColumn nameCollisions,,"The centre was established by *Khwaja Muhammad Qasim Sadiq*, born about 1846 (1263 AH), whose forebears are said to have migrated from Iran and",data/shrines.csv#mohra-sharif-khanqah,,,
dates:shah-daula-daryai:5c490aa5,dates,1,"Shah Daula Daryai — b. roughly 1581 (""traditionally said""), d. roughly 1675 (""traditionally said"") [CE]",circa,0.7,disagreesWithColumn,,"Reliable dates for Shah Daula are difficult to fix, and the sources differ; he is traditionally said to have lived roughly between 1581 and 1675, and to have settled in Gujrat in the early",data/shrines.csv#shrine-of-hazrat-shah-daula-daryai,,,
dates:shah-shams-ud-din-sabzwari:323699b5,dates,1,Shah Shams-ud-Din Sabzwari — d. the thirteenth century [CE],century,0.7,disagreesWithColumn,,He died in Multan in the thirteenth century. ## The Shrine and its Devotion Shah Shams Sabzwari’s shrine in,data/shrines.csv#shrine-of-shah-shams-ud-din-sabzwari,,,
dates:shah-sulaimn-nri:2bfef493,dates,1,"Shah Sulaimān Nūri — b. the early sixteenth century, d. 1604 [CE]",century,0.7,disagreesWithColumn,,"Shah Sulaiman Nuri is traditionally said to have lived a remarkably long life, from the early sixteenth century until 1604. According to the accounts",data/shrines.csv#purana-bhalwal,,,
dates:shah-yusaf-gardez:99fa2820,dates,1,Shah Yusaf Gardez — d. the first half of the 1100s [CE],range,0.7,disagreesWithColumn nameCollisions,,"tradition places his arrival in the years around 1088 and his death in the first half of the 1100s), when Islam was still taking root in the region. A Sayyid of the family of the",data/shrines.csv#shrine-of-shah-yusaf-gardez,,,
dates:sheikh-tahir:c3cb1e0d,dates,1,Sheikh Tahir — no date [unclear],unrecorded,0.7,nameCollisions,,"The Muslim tradition of the site tells that the saint interred here was born a Hindu named Odero Lal and embraced Islam, becoming known as Sheikh Tahir; some identify the figure with",data/shrines.csv#shrine-at-odero-lal-udero-lal-teerath-asthan,,,
dates:syed-sakhi-shah-chan-charagh:056fa06c,dates,1,"Syed Sakhi Shah Chan Charagh — fl. generally placed in the eighteenth century, ""in the twilight of Mughal power"" [unclear]",century,0.7,disputedDates,,"The saint's given name is traditionally said to have been Shah Zaman, and he is remembered as a *sayyid* — a descendant of the Prophet Muhammad — whose lineage is traced through",data/shrines.csv#darbar-sakhi-shah-chan-charagh,,,
finding:dates:subjectMismatch:allo-mahar,finding/dates,1,allo-mahar — subjectMismatch,Pir Syed Muhammad Channan Shah Nuri,,subjectMismatch,,"**Pir Syed Muhammad Channan Shah Nuri** is the figure recorded in our database for this site, in the Naqshbandi tradition. **Sayyid Faiz-ul-Hassan Shah** (c. 1911–1984), honoured as",allo-mahar,"The row's only dated figure is not its recorded figure. The entry itself documents this as an unresolved identification awaiting a field visit (docs/allo_mahar_resolution.md). The 1911/1984 dates are therefore NOT proposed for Channan Shah Nuri, and no dates are proposed for him at all.",,
finding:dates:subjectMismatch:darbar-hazrat-khawaja-feroz-ud-din-gharib-nawaz-chishti-nizami,finding/dates,1,darbar-hazrat-khawaja-feroz-ud-din-gharib-nawaz-chishti-nizami — subjectMismatch,Hazrat Khawaja Feroz-ud-Din Gharib Nawaz Chishti Nizami,,subjectMismatch,,"When Hazrat Khawaja Sheikh Muhammad Mustafa died in 1390 AH, he called Feroz-ud-Din to him in his final moments, conferred on him the cloak of",darbar-hazrat-khawaja-feroz-ud-din-gharib-nawaz-chishti-nizami,"The row's only other year — 1390 AH — is the master's death, not the saint's. The saint's own birth statement is self-contradictory (""the latter part of the 1900s (19th century)"") and the entry says so.",,
finding:dates:subjectMismatch:eidgah-sharif,finding/dates,1,eidgah-sharif — subjectMismatch,Hazrat Hafiz Muhammad Abdul Karim (Baba Ji),,subjectMismatch,,who is said to have been born on 8 June 1898 in the household of the founder and who carried the mission forward through much of the twentieth century as *sajjada-nashin*. From him the,eidgah-sharif,"DANGEROUS: this row carries two precise birth dates and neither belongs to the principal figure. Baba Ji himself has no dates anywhere in the row. Anything that scrapes ""the first date in the row"" would attach 1898 to the wrong man.",,
finding:dates:subjectMismatch:mohra-sharif-khanqah,finding/dates,1,mohra-sharif-khanqah — subjectMismatch,Khwaja Muhammad Qasim Sadiq,,subjectMismatch,,"is recorded as having died on 9 December 1993; he was followed by Hazrat Khawaja Pir Badshah Sahib, who died on 13 August 2008; and then by Pir Auliya Badshah Farooq Sahib as the third",mohra-sharif-khanqah,"The only two exact death dates printed in this row belong to the founder's successors, not the founder — while the founder's own death year is missing from the column entirely. Another ""first date in the row"" trap.",,
finding:dates:subjectMismatch:sant-baba-bhagat-ram-darbar-mandir,finding/dates,1,sant-baba-bhagat-ram-darbar-mandir — subjectMismatch,Sant Baba Bhagat Ram,,subjectMismatch,,"among them a Dayo Ram Daduvansi said to have lived in the nineteenth century (dates variously given as 1836–1906), and it has even been suggested, though this is no more than a local",sant-baba-bhagat-ram-darbar-mandir,"The only dates in the row belong to a different saint of the same town, and are themselves flagged as ""variously given"". No dates are proposed for Bhagat Ram.",,
finding:dates:subjectMismatch:tomb-of-javindi-bibi,finding/dates,1,tomb-of-javindi-bibi — subjectMismatch,Bibi Jawindi,,subjectMismatch,,"by tradition a great-granddaughter of the celebrated saint Makhdoom Jahaniyan Jahangasht — venerated for her holiness. Her tomb was built around 1493, tradition holds,",tomb-of-javindi-bibi,"Graph-side mismatch rather than prose-side: existing-saints.json gives this shrine to Jalaluddin Surkh-Posh Bukhari, so a lineage view would show his 1192–1291 dates against a shrine whose subject is his descendant four generations later. Bibi Jawindi needs her own node.",,
finding:lineage:explicitNonRelations:(an unnamed disciple) ↛ Bhai Gurdas,finding/lineage,1,(an unnamed disciple) ↛ Bhai Gurdas — explicitNonRelations,,,explicitNonRelations,,the Gandava darbar was founded by one of Bhai Gurdas's disciples,data/shrines.csv#sevapanthi-darbar-bhai-gurdas-gandava,,,
finding:lineage:explicitNonRelations:Hazrat Wasif Ali Wasif Awan ↛ (caution on the one relation proposed),finding/lineage,1,Hazrat Wasif Ali Wasif Awan ↛ (caution on the one relation proposed) — explicitNonRelations,,,explicitNonRelations,,"the phrasing as recorded is not fully grammatical and is reproduced here rather than silently cleaned up, since resolving it further would mean guessing at what the surveyor meant",data/shrines.csv#darbar-wasif-ali-wasif,,,
finding:lineage:explicitNonRelations:Makhdoom Abdul Rahim Girhori ↛ Khwaja Muhammad Zaman,finding/lineage,1,Makhdoom Abdul Rahim Girhori ↛ Khwaja Muhammad Zaman — explicitNonRelations,,,explicitNonRelations,,His memory forms part of the wider Naqshbandi devotional network that the disciples of Khwaja Muhammad Zaman spread across Sindh in the eighteenth century.,data/shrines.csv#shrine-of-makhdoom-abdul-rahim-girhori,,,
finding:lineage:explicitNonRelations:Makhdoom Nooh ↛ any living master,finding/lineage,1,Makhdoom Nooh ↛ any living master — explicitNonRelations,,,explicitNonRelations,,honoured also with an Uwaisi spiritual lineage,data/shrines.csv#shrine-of-makhdoom-nooh-hala,,,
finding:lineage:explicitNonRelations:Malik Ahmad Ayaz ↛ Mahmud Ghaznavi (and any Sufi pir),finding/lineage,1,Malik Ahmad Ayaz ↛ Mahmud Ghaznavi (and any Sufi pir) — explicitNonRelations,,,explicitNonRelations,,"the survey describes a slave, soldier, minister and governor, gives no *pīr*–*murīd* lineage, no initiation, no discipleship, and no teaching corpus",entries/entry_malik_ahmad_ayaz.md,,,
"finding:lineage:explicitNonRelations:Mian Mir ↛ (his teacher, unnamed in this sentence)",finding/lineage,1,"Mian Mir ↛ (his teacher, unnamed in this sentence) — explicitNonRelations",,,explicitNonRelations,,"Around the age of twenty-five, with his teacher’s permission, Mian Mir came to Lahore",data/shrines.csv#shrine-of-mian-mir,,,
finding:lineage:explicitNonRelations:Shams Ali Qalandar ↛ any living master,finding/lineage,1,Shams Ali Qalandar ↛ any living master — explicitNonRelations,,,explicitNonRelations,,"the epithet *Owaisi* denotes, in Sufi usage, a spiritual initiation received inwardly rather than from a living master",data/shrines.csv#shamsabad,,,
finding:lineage:explicitNonRelations:Syed Kasteer Gul (Kaka Sahib) ↛ Akhund Panju Baba (Hazrat Syed Abdul Wahab),finding/lineage,1,Syed Kasteer Gul (Kaka Sahib) ↛ Akhund Panju Baba (Hazrat Syed Abdul Wahab) — explicitNonRelations,,,explicitNonRelations,,"the nearby saint Akhund Panju Baba was a respected contemporary he is said to have met, rather than a personal teacher",data/shrines.csv#ziarat-kaka-sahib,,,
finding:lineage:explicitNonRelations:Syed Kasteer Gul (Kaka Sahib) ↛ any personal living guide,finding/lineage,1,Syed Kasteer Gul (Kaka Sahib) ↛ any personal living guide — explicitNonRelations,,,explicitNonRelations,,though he himself is remembered in the *Uwaisi* style of not naming a personal living guide,data/shrines.csv#ziarat-kaka-sahib,,,
finding:order:proseValuedSilsila:darbar-abul-muali-qadri,finding/order,1,darbar-abul-muali-qadri — proseValuedSilsila,"Not stated as an order. Q5 answers the *silsila* question with descent and personal affiliation: ""Lineage of Hazrat Ali (R.A), Kirmani Sadaat, Affiliation with Syed Dawood Bandgi Kirmani."" See qa_note 1.",,proseValuedSilsila,,,darbar-abul-muali-qadri,"The cell is a sentence that explicitly declines to name an order: the survey's silsila question was answered with descent and personal affiliation instead. NO membership is proposed for this shrine. The saint's own name ends ""Qadri"" and the row recounts his devotion to Sheikh Abdul Qadir Jilani, but the source states the silsila was not given as an order, so reading Qadiriyya off the name would be exactly the inference this cell was written to prevent. Display as recorded text only.",,
finding:order:proseValuedSilsila:darbar-hazrat-tahir-bandagi-qadri,finding/order,1,darbar-hazrat-tahir-bandagi-qadri — proseValuedSilsila,Qadri (see year_built_note / Description for a discrepancy in how the survey names his order),,proseValuedSilsila,,,darbar-hazrat-tahir-bandagi-qadri,"Not a refusal case — an order name IS present — but the cell carries its own pointer to a discrepancy and must be displayed verbatim. The parenthetical must never become part of a node label, and the Qadiri reading must not be shown without the caveat. Two proposals (Qadiri, Naqshbandi Mujaddidi) are made at 0.7 rather than resolving it.",,
finding:order:proseValuedSilsila:darbar-malik-ahmad-ayaz,finding/order,1,darbar-malik-ahmad-ayaz — proseValuedSilsila,"As recorded: ""Ahl e Sunnat - Ghaznavi silsila""",,proseValuedSilsila,,,darbar-malik-ahmad-ayaz,"The cell is a quotation frame (""As recorded: ..."") around a sect plus a dynastic label. entries/entry_malik_ahmad_ayaz.md rules on it directly: ""Ghaznavi is a dynastic rather than an initiatic designation, and the account describes political and military service, not spiritual affiliation"", and ""the account never calls him a saint or places him in a Sufi lineage of teachers"". NO membership proposed. Display as recorded text only.",,
finding:order:proseValuedSilsila:darbar-wasif-ali-wasif,finding/order,1,darbar-wasif-ali-wasif — proseValuedSilsila,"Chishti Qadri — the survey states allegiance (bai'at) to ""Hazrat Shah Niyaz Ahmad Chisti Qadri""; see note on the source wording below",,proseValuedSilsila,,,darbar-wasif-ali-wasif,"Same shape: an order name followed by a caveat sentence about the source wording. ""Chishti Qadri"" here is part of the murshid's name, and the row states the survey answer ""is not fully grammatical and is reproduced here rather than"" tidied. Keep the whole string on display; the label must be the branch string alone.",,
lineage:abul-faiz-qalander-ali-suharwardi:disciple_of:ala-hazrat-ahmad-raza-khan:0f30bab3,lineage,1,Sayyid Abul Faiz Qalandar Ali Gilani Suhrawardi — disciple of — Ala Hazrat Ahmad Raza Khan of Bareilly,,0.95,nameVariantsSeen,object,"took the oath of allegiance (bai‘at) at his hand, becoming counted among his special pupils",data/shrines.csv#shrine-of-abul-faiz-qalander-ali-suharwardi,"The object is named in the same sentence: ""He presented himself before Ala Hazrat Ahmad Raza Khan of Bareilly"". Also in shrine_entries/Abul Faiz Qalandari.md and its field-survey note (""bai'at with Ahmad Raza Khan"").",,
lineage:akhund-darweza-baba:disciple_of:syed-ali-tirmizi:ff3face3,lineage,1,Akhund Darweza (Syed Muhammad) — disciple of — Sayyid Ali Tirmizi (Pir Baba),,0.95,nameVariantsSeen,,"a disciple of *Sayyid Ali Tirmizi*, the saint known as *Pir Baba* of Buner (himself honoured at a shrine in this collection)",data/shrines.csv#shrine-of-akhund-darweza-baba,Connects two shrines in the archive: shrine-of-akhund-darweza-baba and shrine-of-pir-baba-syed-ali-tirmizi.,,
lineage:akhund-darweza-baba:successor_of:syed-ali-tirmizi:ad38a868,lineage,1,Akhund Darweza (Syed Muhammad) — successor of — Mir Syed Ali / Syed Ali Ghawwas Tirmizi,,0.95,nameVariantsSeen,,"it names him a *khalifa* (successor) of ""Mir Syed Ali,"" i.e. Syed Ali Ghawwas Tirmizi",data/shrines.csv#shrine-of-akhund-darweza-baba,"Attributed to Alam Faqri, *Tazkirah Awliya-e-Pakistan*. Stated from the other side in data/shrines.csv#shrine-of-pir-baba-syed-ali-tirmizi: ""names Akhund Darweza ... as his most renowned khalifa (successor)"" — the reverse-direction phrasing, same relation.",,
lineage:bhagat-kanwar-ram:disciple_of:satguru-swami-sai-satramdas-sahib:b4a18cd8,lineage,1,Bhagat Kanwar Ram — disciple of — Sant Satram Das (1866-1910),,0.95,nameVariantsSeen,,and a disciple of Sant Satram Das (1866-1910),data/shrines.csv#sant-bhagat-kanwar-ram-temple-chak,"Object matched to the existing saint of sant-satram-dham-raharki, whose archive dates (born 25 October 1866, ""left the mortal body"" 25 January 1910) match the parenthetical dates given here exactly. The Raharki entry separately says ""His memory is closely linked with that of Bhagat Kanwar Ram (also recorded in this dataset)"". Connects two shrines in the archive.",,
lineage:bhai-gurdas-singh-disciple-of-guru-gobind-singh:disciple_of:guru-gobind-singh:22a0df3d,lineage,1,Bhai Gurdas Singh (also remembered by the name Kanhiya Lal) — disciple of — Guru Gobind Singh,,0.95,nameVariantsSeen,,It is traditionally held to have been founded by Bhai Gurdas Singh — also remembered by the name Kanhiya Lal — a disciple of Guru Gobind Singh,data/shrines.csv#khatwari-darbar-shikarpur,"Corroborated in entries/web-research-2026-08/khatwari-darbar-shikarpur.md from Kalhoro: founded by ""Kanhiya Lal, alias Bhai Gurdas, a disciple of Guru Gobind Singh"". Connects two shrines in the archive (khatwari-darbar-shikarpur and gurdwara-dash-mesh-pita).",,
lineage:hazrat-hafiz-muhammad-abdur-rahman:successor_of:pir-abdul-ul-karim:27c7176d,lineage,1,Hazrat Hafiz Muhammad Abdur Rahman — successor of — Hazrat Hafiz Muhammad Abdul Karim (Baba Ji),,0.95,nameVariantsSeen,subject,"Upon Baba Ji's death the spiritual seat passed to his son, *Hazrat Hafiz Muhammad Abdur Rahman*",data/shrines.csv#eidgah-sharif,"Object matched to the existing saint slug for eidgah-sharif, whose recorded name is ""Pir Abdul-ul-karim"" — a spelling variant of the ""Hazrat Hafiz Muhammad Abdul Karim (Baba Ji)"" the description names. See nameVariantsSeen.",,
lineage:hazrat-hafiz-muhammad-jamal-multani:disciple_of:khwaja-noor-muhammad-maharvi:625a2610,lineage,1,Hafiz Muhammad Jamal Multani — disciple of — Khwaja Noor Muhammad Maharvi,,0.95,nameVariantsSeen,object,"Hafiz Jamal was a disciple of *Khwaja Noor Muhammad Maharvi*, a leading Chishti master of the region",data/shrines.csv#shrine-of-hafiz-muhammad-jamal-multani,,,
lineage:khwaja-muhammad-qasim-sadiq:disciple_of:khwaja-nizamuddin-aulia-of-kahiyan-sharif:64eac25c,lineage,1,Khwaja Muhammad Qasim Sadiq — disciple of — Khwaja Nizamuddin Aulia of Kahiyan Sharif,,0.95,nameVariantsSeen,object,"he journeyed on foot to the shrine of his spiritual guide, *Khwaja Nizamuddin Aulia* of Kahiyan Sharif in the Neelam Valley of Kashmir, and there received *khilafat*",data/shrines.csv#mohra-sharif-khanqah,"CAUTION: named ""Khwaja Nizamuddin Aulia"" of Kahiyan Sharif, Neelam Valley — a nineteenth/twentieth-century Kashmiri figure as the source has it, NOT the fourteenth-century Nizamuddin Auliya of Delhi who appears elsewhere in these proposals. Kept as a separate new slug on purpose.",,
lineage:khwaja-muhammad-qasim-sadiq:successor_of:khwaja-nizamuddin-aulia-of-kahiyan-sharif:2d41d6e5,lineage,1,Khwaja Muhammad Qasim Sadiq — successor of — Khwaja Nizamuddin Aulia of Kahiyan Sharif,,0.95,nameVariantsSeen,object,there received *khilafat* with the instruction to settle at Mohra Sharif,data/shrines.csv#mohra-sharif-khanqah,,,
lineage:khwaja-pir-muhammad-zahid-khan:successor_of:khwaja-muhammad-qasim-sadiq:debea2e1,lineage,1,Khwaja Pir Muhammad Zahid Khan — successor of — Khwaja Muhammad Qasim Sadiq,,0.95,nameVariantsSeen,subject,"On his death the spiritual seat passed to his son Khwaja Pir Muhammad Zahid Khan, remembered as the first *sajjada nashin* (custodian) of Mohra Sharif",data/shrines.csv#mohra-sharif-khanqah,Also in familyRelations (son).,,
lineage:shah-abul-muali-qadri:disciple_of:daud-bandagi-kirmani:dc360f33,lineage,1,"Hazrat Syed Muhammad Khair ul Deen, known as Shah Abul Muali Qadri — disciple of — Daud Bandagi Kirmani (Dawood Bandgi Kirmani)",,0.95,nameVariantsSeen,,"named his uncle Dawood Bandgi Kirmani. Astonished, he returned to his uncle",entries/entry_abul_muali_qadri.md,"The relation is stated across two adjacent sentences of the same passage: the majzub names his uncle Dawood Bandgi Kirmani as the master he is searching for, and ""His request for allegiance was accepted"". Independently supported by the survey's own silsila answer (entries/survey_abul_muali_qadri.md, Q5): ""Lineage of Hazrat Ali (R.A), Kirmani Sadaat, Affiliation with Syed Dawood Bandgi Kirmani"". Object matched to the existing saint at shrine `shergarh`, which the survey itself locates (""whose shrine is in Shergarh""). Connects two shrines in the archive: darbar-abul-muali-qadri and shergarh.",,
lineage:shah-sulaimn-nri:disciple_of:shah-maroof-khushabi:7ef46abb,lineage,1,Hazrat Shah Sulaiman Nuri (Sakhi Badshah) — disciple of — Shah Maroof Khushabi,,0.95,nameVariantsSeen,object,his spiritual guide (*pir*) was Shah Maroof Khushabi of the nearby town of Khushab,data/shrines.csv#purana-bhalwal,,,
lineage:khawaja-shah-muhammad-sulaiman-taunsvi:disciple_of:khwaja-noor-muhammad-maharvi:1e08a557,lineage,1,Khwaja Muhammad Sulaiman Taunsvi — disciple of — Khwaja Nur Muhammad Maharvi,,0.7,nameVariantsSeen,object,He was initiated in the Chishti-Nizami order and became the spiritual heir of his master Khwaja Nur Muhammad Maharvi’s line,data/shrines.csv#darbar-hazrat-khawaja-shah-muhammad-sulaiman-taunsvi-ra,"Confidence lowered — the source says heir of ""his master ... line"" rather than stating a direct personal initiation. Object slug shared with the Hafiz Jamal proposal; spelling variant ""Nur"" vs ""Noor"" recorded in nameVariantsSeen.",,
lineage:khawaja-shah-muhammad-sulaiman-taunsvi:successor_of:khwaja-noor-muhammad-maharvi:225770e6,lineage,1,Khwaja Muhammad Sulaiman Taunsvi — successor of — Khwaja Nur Muhammad Maharvi,,0.7,nameVariantsSeen,object,became the spiritual heir of his master Khwaja Nur Muhammad Maharvi’s line,data/shrines.csv#darbar-hazrat-khawaja-shah-muhammad-sulaiman-taunsvi-ra,"Same hedge as above: heir of the line, not stated as inheriting the master's own seat.",,
lineage:khwaja-muhammad-qasim:disciple_of:khwaja-muhammad-qasim-sadiq:ea0a9023,lineage,1,Khwaja Muhammad Qasim (Zinda Pir) — disciple of — Baba Ji Muhammad Qasim of Mohra Sharif,,0.7,nameVariantsSeen,,"He had received spiritual authority (*khilafat*) around 1942 from his own guide, Baba Ji Muhammad Qasim of Mohra Sharif",data/shrines.csv#darbar-ghamkol-sharif-zinda-pir,"Object matched to the Mohra Sharif founder by name and place, but the identification is NOT settled: entries/web-research-2026-08/darbar-ghamkol-sharif-zinda-pir.md logs the Brill EI3 claim that Zinda Pir's murshid was ""Ḥaḍrat Muḥammad Qāthim Mohŕvī (d. 1943) of Mohŕ"", ""apparently the same figure as Muhammad Qasim Sadiq of Mohra Sharif"", and explicitly keeps it as an unverified lead (Brill page returned 403). Note also that the archive gives the Mohra Sharif founder figure_born 1846, which would make him ~96 at a 1942 khilafat. Confidence 0.7 for the identity, not the wording. If confirmed, this connects two shrines in the archive.",,
lineage:khwaja-muhammad-qasim:successor_of:khwaja-muhammad-qasim-sadiq:04d34ee8,lineage,1,Khwaja Muhammad Qasim (Zinda Pir) — successor of — Baba Ji Muhammad Qasim of Mohra Sharif,,0.7,nameVariantsSeen,,"He had received spiritual authority (*khilafat*) around 1942 from his own guide, Baba Ji Muhammad Qasim of Mohra Sharif, who directed him to establish an independent centre",data/shrines.csv#darbar-ghamkol-sharif-zinda-pir,"Same identity caveat as the preceding proposal. Note the source says he was directed to establish an INDEPENDENT centre, i.e. khilafat rather than inheritance of the Mohra seat (which the Mohra entry gives to Khwaja Pir Muhammad Zahid Khan).",,
order:abul-faiz-qalander-ali-suharwardi:suhrawardiyya:9c135110,order,1,Abul Faiz Qalander Ali Suharwardi — belongs to — suhrawardiyya (branch: Gilani-Suhrawardi),Suhrawardi,0.95,contradictions,,"Though he carried both the Gilani-Qadiri and the Suhrawardi inheritances, it was the Gilani-Suhrawardi path that he made his own.",data/shrines.csv#shrine-of-abul-faiz-qalander-ali-suharwardi,,,
order:abul-faiz-qalander-ali-suharwardi:suhrawardiyya:a9441cf9,order,1,Abul Faiz Qalander Ali Suharwardi — belongs to — suhrawardiyya,Suhrawardi,0.95,contradictions,,"It was Meher Ali Shah, tradition says, who told him that his true portion lay in the Suhrawardi order, with Hazrat Ghulam Muhammad Suhrawardi, and bade him take allegiance there — which he did.",data/shrines.csv#shrine-of-abul-faiz-qalander-ali-suharwardi,,,
order:daud-bandagi-kirmani:qadiriyya:e8148ce5,order,1,Daud Bandagi Kirmani — belongs to — qadiriyya,Qadiri,0.95,disagreesWithExistingSeed,,a revered Qadiri saint of the sixteenth century who did much to spread the Qadiri order in the Punjab,data/shrines.csv#shergarh,"Contradicts the existing seed (daud-bandagi-kirmani -> chishtiyya). Column and prose both say Qadiri, repeatedly. See disagreesWithExistingSeed.",,
order:hazrat-baba-shah-kamal:qadiriyya:fb07b834,order,1,Hazrat Baba Shah Kamal — belongs to — qadiriyya,Qadiri,0.95,contradictions,,Qadiri,data/shrines.csv#shrine-of-baba-shah-kamal,,,
order:pir-sher-muhammad:qadiriyya + chishtiyya:3372f05b,order,1,Pir Sher Muhammad — belongs to — qadiriyya + chishtiyya (branch: Qadiri-Chishti),Qadiri,0.95,contradictions,,"he became a spiritual guide of great reputation, uniting the Qadiri and Chishti lineages, and drew disciples from across the Punjab and beyond",data/shrines.csv#shrine-of-pir-sher-muhammad,,,
order:pir-sher-muhammad:qadiriyya:fb07b834,order,1,Pir Sher Muhammad — belongs to — qadiriyya,Qadiri,0.95,contradictions,,Qadiri,data/shrines.csv#shrine-of-pir-sher-muhammad,The column names only Qadiri; the prose of the same row names two orders. See the prose proposal and contradictions.,,
order:pir-syed-muhammad-rashid-shah-roze-dhani:null:7679a3fc,order,1,"Pir Syed Muhammad Rashid Shah, ""Roze Dhani"" — belongs to — null (branch: Rashidi)",Rashidi,0.95,contradictions,,"known by his honorific Roze Dhani, ""master of the shrine,"" the founder of the Rashidi Sufi order and an ancestor of the line of Pir Pagara",data/shrines.csv#dargah-of-pir-muhammad-rashid-roze-dhani-pir-jo-goth,"parentOrder null: the corpus calls the Rashidi a Sufi order that he founded, not a branch of one of the five. See newOrdersNeeded.",,
order:pir-syed-muhammad-rashid-shah-roze-dhani:qadiriyya + naqshbandiyya:ac31aeeb,order,1,"Pir Syed Muhammad Rashid Shah, ""Roze Dhani"" — belongs to — qadiriyya + naqshbandiyya",Rashidi,0.95,contradictions,,"A Qadiri–Naqshbandi saint of great influence, his teaching is said to have spread through Sindh, the Punjab, Balochistan, Rajasthan, and beyond.",data/shrines.csv#dargah-of-pir-muhammad-rashid-roze-dhani-pir-jo-goth,The prose places him in two of the five orders as well as founding the Rashidi. Both readings are proposed; neither is chosen over the other.,,
order:qalandar-baba-auliya:null:f93fbd1a,order,1,Qalandar Baba Auliya — belongs to — null (branch: Azeemia),Azeemia,0.95,disagreesWithExistingSeed,,a modern Sufi master and the founder of the Azeemia Sufi order,data/shrines.csv#shrine-of-qalandar-baba-auliya,"parentOrder null: the corpus presents the Azeemia as an order he founded in the twentieth century, with no parent among the five. Contradicts the existing seed (qalandar-baba-auliya -> qalandariyya); ""Qalandar Baba"" is given in the corpus as a spiritual title, not an order. See disagreesWithExistingSeed and newOrdersNeeded.",,
order:shams-ali-qalandar:qadiriyya:c5d44573,order,1,Shams Ali Qalandar — belongs to — qadiriyya (branch: Owaisi Qadiriyya Noshahi),Qadiri,0.95,contradictions disagreesWithExistingSeed,,"In the reckoning of his followers he belonged to the *Owaisi Qadiriyya Noshahi* lineage, a branch of the great *Qadiri* order",data/shrines.csv#shamsabad,"The corpus itself calls this a branch of the Qadiri order, so the parent mapping is stated, not inferred. ""Owaisi"" is glossed in the same sentence as a mode of initiation (received inwardly, no living master) — not a separate order.",,
order:shams-ali-qalandar:qadiriyya:fb07b834,order,1,Shams Ali Qalandar — belongs to — qadiriyya,Qadiri,0.95,contradictions disagreesWithExistingSeed,,Qadiri,data/shrines.csv#shamsabad,Contradicts the existing seed (shams-ali-qalandar -> qalandariyya). See disagreesWithExistingSeed.,,
order:syed-shah-jamal-uddin-naqvi-bukhari:qadiriyya + suhrawardiyya + chishtiyya:911dfea5,order,1,Syed Shah Jamal Uddin Naqvi Bukhari — belongs to — qadiriyya + suhrawardiyya + chishtiyya,Suhrawardi,0.95,contradictions,,"He belonged jointly to the Qadiriyya, Suhrawardiyya and Chishtiyya orders — a special disciple, tradition holds, of Sheikh Khokar Baig Suhrawardi",data/shrines.csv#shrine-of-shah-jamal,"The row also traces his Suhrawardi lineage specifically to Bahauddin Zakariya of Multan, on the authority of Alam Faqri's *Tazkirah Awliya-e-Pakistan*.",,
order:syed-shah-jamal-uddin-naqvi-bukhari:suhrawardiyya:cbb8154e,order,1,Syed Shah Jamal Uddin Naqvi Bukhari — belongs to — suhrawardiyya,Suhrawardi,0.95,contradictions,,The shrine — of the Suhrawardi line and the Ahl-e-Sunnat tradition — has been in the care of the government's Auqaf Department since 1960,data/shrines.csv#shrine-of-shah-jamal,"""Ahl-e-Sunnat"" in the same sentence is a sect, not an order, and is not proposed as one. The column records only Suhrawardi; the prose records three orders — see the prose proposal and contradictions.",,
order:waris-shah:chishtiyya:d2994140,order,1,Waris Shah — belongs to — chishtiyya,Chishti,0.95,disagreesWithExistingSeed,,"belonged in spirit to the Chishti Sufi tradition, tracing his discipleship to the line of the saint Makhdoom of Kasur",data/shrines.csv#mausoleum-of-waris-shah,"Contradicts the existing seed (waris-shah -> qadiriyya). Both the column and the prose of this row say Chishti. See disagreesWithExistingSeed. Prose hedges with ""in spirit"".",,
order:abul-faiz-qalander-ali-suharwardi:qadiriyya:e6c98422,order,1,Abul Faiz Qalander Ali Suharwardi — belongs to — qadiriyya (branch: Gilani-Qadiri),Suhrawardi,0.7,contradictions,,"his family descent as a Gilani sayyid is traced, through some twenty-three links, to Shaikh Abd al-Qadir Jilani of Baghdad, and his Sufi allegiance, through some nineteen links",data/shrines.csv#shrine-of-abul-faiz-qalander-ali-suharwardi,"0.7 and kept separate from the Suhrawardi proposal because the corpus draws the distinction itself: the Qadiri tie is family descent (""the blood and the blessing""), the Suhrawardi tie is initiatic allegiance. Merging them would erase that distinction.",,
order:hazrat-baba-shah-kamal:qadiriyya + suhrawardiyya:90b48397,order,1,Hazrat Baba Shah Kamal — belongs to — qadiriyya + suhrawardiyya (branch: Qadiri Suhrawardi),Qadiri,0.7,contradictions,,"local devotional tradition attaches to him the composite title ""Qadiri Suhrawardi,"" suggesting an affiliation with the same overlapping Sufi orders associated with his brother's shrine nearby",data/shrines.csv#shrine-of-baba-shah-kamal,"0.7: the source hedges twice (""local devotional tradition"", ""suggesting""), and the corpus says little is independently documented about him. The composite title must stay composite.",,
order:hazrat-khawaja-feroz-ud-din-gharib-nawaz-chishti-nizami:chishtiyya + qadiriyya:77510854,order,1,Hazrat Khawaja Feroz-ud-Din Gharib Nawaz Chishti Nizami — belongs to — chishtiyya + qadiriyya (branch: Chishti Nizamia Qadria),Chishti Nizamia Qadria,0.7,contradictions,,a Chishti Nizami Qadria saint remembered above all for a generosity so unstinting that he was called *Sakhi Lajpal*,data/shrines.csv#darbar-hazrat-khawaja-feroz-ud-din-gharib-nawaz-chishti-nizami,"0.7: the corpus states one compound branch name, not two memberships. Splitting ""Chishti Nizamia Qadria"" into chishtiyya + qadiriyya is an inference from the name. The branch string must be kept whole. Orthography varies within the row itself (""Chishti Nizamia Qadria"" in the column, ""Chishti Nizami Qadria"" and ""Chishti Qadria order"" in the prose); his master is named ""Hazrat Khawaja Sheikh Muhammad Mustafa Chishti-Nizami"". Not in existing-saints.json.",,
order:hazrat-tahir-bandagi-qadri:naqshbandiyya:51b1067b,order,1,Hazrat Tahir Bandagi Qadri — belongs to — naqshbandiyya (branch: Naqshbandi Mujaddidi),Qadri (see year_built_note / Description for a discrepancy in how the survey names his order),0.7,contradictions,,"- Shrines Project field survey, Darbar Hazrat Tahir Bandagi Qadri Naqshbandi Mujaddidi responses (surveyor: Saifullah), 2026.",data/shrines.csv#darbar-hazrat-tahir-bandagi-qadri,"This is the discrepancy the column points at: the survey's own title names him ""Qadri Naqshbandi Mujaddidi"", while the column records only Qadri. Proposed alongside the Qadiri reading rather than picking a winner. Evidence is a bibliography title string, not a biographical statement — hence 0.7.",,
order:hazrat-tahir-bandagi-qadri:qadiriyya:eba57d12,order,1,Hazrat Tahir Bandagi Qadri — belongs to — qadiriyya,Qadri (see year_built_note / Description for a discrepancy in how the survey names his order),0.7,contradictions,,Qadri (see year_built_note / Description for a discrepancy in how the survey names his order),data/shrines.csv#darbar-hazrat-tahir-bandagi-qadri,0.7 because the cell carries its own caveat. Keep the caveat clause in any display of asRecorded; it must not become part of an order label. Not in existing-saints.json.,,
order:kaka-sahib:naqshbandiyya:88271fcd,order,1,Kaka Sahib — belongs to — naqshbandiyya,Naqshbandi,0.7,contradictions,,"an inheritance tradition credits him with carrying forward, though he himself is remembered in the *Uwaisi* style of not naming a personal living guide",data/shrines.csv#ziarat-kaka-sahib,"0.7: the column singles out Naqshbandi, but the prose attributes all four orders to his forefathers and marks him Uwaisi — explicitly without a personal living guide. The other three orders are NOT proposed, because the corpus attributes them to the forefathers collectively; and Uwaisi is described as a style, not an order. See contradictions.",,
dates:bebe-nanaki:11d8d9d1,dates,2,"Bebe Nanaki — b. around 1464 (""by tradition""), d. 1518 [CE]",circa,0.7,,,"Bebe Nanaki was born, by tradition, around 1464 and was older than her brother by some five years. From his earliest childhood she is said to have perceived in Nanak a",data/shrines.csv#gurdwara-babay-nanki,,,
dates:bhai-lalo:84683ea7,dates,2,"Bhai Lalo — b. 1452 (""traditionally said"") [CE]",year,0.7,,,"Bhai Lalo, traditionally said to have been born at Saidpur (Eminabad) in 1452 into a family of carpenters, became one of the most beloved of the",data/shrines.csv#gurdwara-khoohi-bhai-lalo-bhai-lalo-di-khooi,,,
dates:hazrat-baba-shah-kamal:a8afbde0,dates,2,Hazrat Baba Shah Kamal — fl. the late-sixteenth to seventeenth-century Mughal-era window [CE],century,0.7,,,his likely lifetime is generally placed in the same late-sixteenth to seventeenth-century Mughal-era window as Shah Jamal's own. The shrine sits within the historic Shah Kamal,data/shrines.csv#shrine-of-baba-shah-kamal,,,
dates:makhdoom-burhan-ud-din:762d3b94,dates,2,Makhdoom Burhan-ud-din — d. 1245 of the Common Era — 666 of the Hijri calendar [both],year,0.7,,,"Tradition holds that he lived and taught in this corner of the Chiniot region and that he died in the year 1245 of the Common Era — 666 of the Hijri calendar — asking, in his humility, to",data/shrines.csv#langer-makhdoom,,,
dates:malik-ahmad-ayaz:699fab57,dates,2,Malik Ahmad Ayaz — d. 8 August 1041 (calendar era unstated in the account) [unclear],exact-date,0.7,,,"The account gives his death as 8 August 1041, and states that his mausoleum was then built in Shah Alam Market. ## Memory,",data/shrines.csv#darbar-malik-ahmad-ayaz,,,
dates:pir-mangho:568dfc22,dates,2,Pir Mangho — fl. the medieval centuries [unclear],century,0.7,,,The saint of Mangho Pir is remembered as a holy man of the medieval centuries who settled at this spot in the hills above Karachi. Around his memory has,data/shrines.csv#shrine-of-pir-mangho,,,
dates:ramdev-pir:2e485a38,dates,2,Ramdev Pir — fl. the fifteenth century [CE],century,0.7,,,also called Ramapir or Baba Ramdev — a fifteenth-century saint of Rajasthan venerated across western India and Sindh as a worker of miracles and a champion of the poor,data/shrines.csv#ramapir-temple-tando-allahyar,,,
dates:sayyid-ahmad-tokhta-tirmidhi:333fd46a,dates,2,Sayyid Ahmad Tokhta Tirmidhi — d. around 602 AH [AH],circa,0.7,,saint,"He is said to have died around 602 AH — near the beginning of the reign of Sultan Qutb al-Din Aibak — and to be buried in the Lahore quarter still called Chilla Bibiyan, which takes its",data/shrines.csv#shrine-of-bibi-pak-daman,,,
dates:sultan-sakhi-sarwar:d20b4239,dates,2,Sultan Sakhi Sarwar — fl. the twelfth century [CE],century,0.7,,,"Sayyid Ahmad Sultan, called Sakhi Sarwar (“the Generous Chief”), lived in the twelfth century; tradition places his origins in the region of Multan/Shahkot, and his life",data/shrines.csv#sakhi-sarwar,,,
dates:syed-bilawal-shah-noorani:1d9e275c,dates,2,Syed Bilawal Shah Noorani — fl. the medieval centuries [unclear],century,0.7,,,"Shah Noorani is remembered as a Sufi saint of the medieval centuries who settled in the wild valley of Lahut Lamakan — a place whose very name (*la-hut la-makan*, “the",data/shrines.csv#shah-noorani-shrine-syed-bilawal-shah-noorani,,,
dates:syed-musa-pak:bf7e281b,dates,2,Syed Musa Pak — fl. the sixteenth century [CE],century,0.7,,,"who flourished in Multan in the sixteenth century. Learned and devout, he was a shaykh of the Qadiri order and a guide of many disciples, and he is remembered for a life",data/shrines.csv#shrine-of-syed-musa-pak,,,
dates:syed-rakhyal-shah-sufi-al-qadri:e74c36ec,dates,2,"Syed Rakhyal Shah Sufi Al Qadri — b. 1842, d. 1940 [CE]",year,0.7,,,"Rakhyal Shah is generally held to have lived from 1842 to 1940, a span of nearly a century across the",data/shrines.csv#dargah-fateh-pur-sharif,,,
lineage:bahadur-baba:disciple_of:hazrat-syed-abdul-wahab:65c4d299,lineage,2,Bahadur Baba — disciple of — Hazrat Syed Abdul Wahab (Akhund Panju Baba),,0.7,,subject,"Panju Baba's own disciple, by tradition, was Kaka Sahib's father, Bahadur Baba.",data/shrines.csv#ziarat-kaka-sahib,"Confidence lowered — ""by tradition"". Independently stated from the other side in data/shrines.csv#shrine-of-akhund-panju-baba: ""his circle of disciples included some of the most notable saints of the region — among them, it is said, *Bahadur Baba*, the father of the celebrated *Kaka Sahib*"". Bahadur Baba has no shrine row of his own; he links two archive shrines (shrine-of-akhund-panju-baba and ziarat-kaka-sahib) at one remove.",,
lineage:dara-shikoh:disciple_of:mullah-shah-badakhshi:e36f6914,lineage,2,Prince Dara Shikoh — disciple of — Mullah Shah Badakhshi,,0.7,,subject object,"became the spiritual guide of Prince Dara Shikoh and, through him, of the emperor Shah Jahan’s brilliant daughter, the princess Jahanara",data/shrines.csv#shrine-of-mian-mir,"Stated as Mullah Shah being his spiritual guide; the same entry adds ""Prince Dara Shikoh, drawn through Mullah Shah into the Qadiri way"". Confidence lowered because no initiation or bai'at is stated.",,
lineage:fakhr-ud-din-iraqi:disciple_of:bahauddin-zakariya:e88f3833,lineage,2,Fakhr-ud-Din Iraqi — disciple of — Bahauddin Zakariya,,0.7,,subject,"carried by his disciples and descendants — among them the poet-saint Fakhr-ud-Din Iraqi, who came to Multan and married into his family",data/shrines.csv#shrine-of-bahauddin-zakariya,"Confidence lowered — the sentence lists ""disciples and descendants"" together without saying which Iraqi was, and separately records that he married into the family.",,
lineage:ganj-e-inayat-sarkar:disciple_of:hazrat-abu-al-barakat-syed-muhammad-ahmad:00fccea6,lineage,2,Pir Muhammad Inayat Ahmad Naqshbandi Mujaddidi (Ganj-e-Inayat Sarkar) — disciple of — Hazrat Abu al-Barakat Syed Muhammad Ahmad,,0.7,,object,"the noted religious teachers of the age — among them Hazrat Abu al-Barakat Syed Muhammad Ahmad, Hazrat Syedna Tahir Alauddin Qadiri Gilani, and the renowned orator Maulana Ghulam Ali Okarvi.",data/shrines.csv#shrine-of-ganj-e-inayat-sarkar,"Confidence lowered — the full clause reads ""studying under a number of the noted religious teachers of the age"", i.e. study of the religious sciences, not initiation; the entry places his bai'at with Pir Syed Ismail Shah Bukhari separately and later.",,
lineage:ganj-e-inayat-sarkar:disciple_of:hazrat-syedna-tahir-alauddin-qadiri-gilani:00fccea6,lineage,2,Pir Muhammad Inayat Ahmad Naqshbandi Mujaddidi (Ganj-e-Inayat Sarkar) — disciple of — Hazrat Syedna Tahir Alauddin Qadiri Gilani,,0.7,,object,"the noted religious teachers of the age — among them Hazrat Abu al-Barakat Syed Muhammad Ahmad, Hazrat Syedna Tahir Alauddin Qadiri Gilani, and the renowned orator Maulana Ghulam Ali Okarvi.",data/shrines.csv#shrine-of-ganj-e-inayat-sarkar,"Confidence lowered — the full clause reads ""studying under a number of the noted religious teachers of the age"", i.e. study of the religious sciences, not initiation; the entry places his bai'at with Pir Syed Ismail Shah Bukhari separately and later.",,
lineage:ganj-e-inayat-sarkar:disciple_of:maulana-ghulam-ali-okarvi:00fccea6,lineage,2,Pir Muhammad Inayat Ahmad Naqshbandi Mujaddidi (Ganj-e-Inayat Sarkar) — disciple of — Maulana Ghulam Ali Okarvi,,0.7,,object,"the noted religious teachers of the age — among them Hazrat Abu al-Barakat Syed Muhammad Ahmad, Hazrat Syedna Tahir Alauddin Qadiri Gilani, and the renowned orator Maulana Ghulam Ali Okarvi.",data/shrines.csv#shrine-of-ganj-e-inayat-sarkar,"Confidence lowered — the full clause reads ""studying under a number of the noted religious teachers of the age"", i.e. study of the religious sciences, not initiation; the entry places his bai'at with Pir Syed Ismail Shah Bukhari separately and later.",,
lineage:ganj-e-inayat-sarkar:successor_of:hazrat-pir-syed-ismail-shah-bukhari:266e8391,lineage,2,Pir Muhammad Inayat Ahmad Naqshbandi Mujaddidi (Ganj-e-Inayat Sarkar) — successor of — Hazrat Pir Syed Ismail Shah Bukhari (Karman Wali Sarkar),,0.7,,object,"From this master he received his authorisation (khilafat) in the Naqshbandi-Mujaddidi order, becoming a *khalifa-e-mujaz* of Karman Wali Sharif.",data/shrines.csv#shrine-of-ganj-e-inayat-sarkar,"Confidence lowered — khilafat here is authorisation to initiate (khalifa-e-mujaz), not inheritance of the Karman Wali seat. Flagged so a reviewer can decide whether the `successor_of` edge belongs at all.",,
lineage:guru-ram-das:disciple_of:guru-amar-das:53e14ccd,lineage,2,Guru Ram Das — disciple of — Guru Amar Das,,0.7,,object,"Orphaned young, he came under the influence of Guru Amar Das, the third Guru, whose daughter he married and whom he served with such devotion and humility",data/shrines.csv#gurdwara-guru-ram-das-ji,"Confidence lowered — ""came under the influence of"" and ""served"", not a stated formal discipleship. The succession claim (above) is the firmer of the two.",,
lineage:haji-tufail:successor_of:mian-qurban-ali-shah:dd45ba8f,lineage,2,Haji Tufail — successor of — Hazrat Mian Qurban Ali Shah Sarkar,,0.7,,subject object,"he passed on his spiritual seat (gaddi) to his successor disciple, Haji Tufail, after whose demise his sons hold the position",entries/survey_mian_qurban_ali_shah.md,"Confidence lowered — the same survey answers the succession question two ways: Q9 says he ""passed on his spiritual seat (gaddi) to his special disciples"" (plural, unnamed), Q16 names a single successor, Haji Tufail. entries/entry_mian_qurban_ali_shah.md records the discrepancy rather than resolving it; so does this proposal.",,
lineage:hazrat-haider-ali-shah:successor_of:hazrat-syed-muhammad-khair-ul-deen:2aa2ddc4,lineage,2,Hazrat Haider Ali Shah — successor of — Hazrat Syed Muhammad Khair ul Deen (Shah Abul Muali Qadri),,0.7,,subject,"Q16 names Hazrat Haider Ali Shah as ""his very first Gaddi Nasheen""",data/shrines.csv#darbar-abul-muali-qadri,"0.7, and the hedge is the entry's own: the sentence continues ""whether Haider Ali Shah is one of the eight sons is not stated"", and the survey's Q8 has custodianship pass to ""his sons and then the Gaddi Nasheens"" — two answers that do not quite agree about whether the first custodian was a son. So this is a SUCCESSION edge and deliberately not a kin one; the entry records the uncertainty rather than resolving it, and so does this. He is ""also buried in the shrine"", which is this archive's site, but he has no site of his own.",,
lineage:hazrat-wasif-ali-wasif:disciple_of:hazrat-shah-niyaz-ahmad-chisti-qadri:a79ac1b6,lineage,2,Hazrat Wasif Ali Wasif Awan — disciple of — Hazrat Shah Niyaz Ahmad Chisti Qadri,,0.7,,object,"Kandan Kabila, Ahl e Sunnat, Awaz belong in past with Hazrat Ali (R.A), Baithi Hazrat Shah Niyaz Ahmad Chisti Qadri.""",data/shrines.csv#darbar-wasif-ali-wasif,"Confidence lowered — the survey answer is reproduced verbatim in the entry precisely because its grammar is broken; the entry reads ""Baithi"" as bai'at but flags that resolving it further would mean guessing at the surveyor's intent. Do not upgrade without re-interviewing.",,
lineage:kaka-sahib:disciple_of:abdullah-ansari-sultanpuri:21c4dc3a,lineage,2,Syed Kasteer Gul (Kaka Sahib) — disciple of — Abdullah Ansari Sultanpuri,,0.7,,object,"Tradition names his teachers as Qazi Abul Aala, Abdullah Ansari Sultanpuri, Maulana Abdul Lateef Sultanpuri, and Sheikh Akhuddeen Seljuki",data/shrines.csv#ziarat-kaka-sahib,"Confidence lowered for two reasons: the source frames these as ""teachers"" (religious instruction) without stating initiation, and the same entry records that Kaka Sahib ""is remembered in the *Uwaisi* style of not naming a personal living guide"" — which cuts against reading any of the four as his murshid. See explicitNonRelations for the Akhund Panju Baba denial in the same sentence.",,
lineage:kaka-sahib:disciple_of:maulana-abdul-lateef-sultanpuri:21c4dc3a,lineage,2,Syed Kasteer Gul (Kaka Sahib) — disciple of — Maulana Abdul Lateef Sultanpuri,,0.7,,object,"Tradition names his teachers as Qazi Abul Aala, Abdullah Ansari Sultanpuri, Maulana Abdul Lateef Sultanpuri, and Sheikh Akhuddeen Seljuki",data/shrines.csv#ziarat-kaka-sahib,"Confidence lowered for two reasons: the source frames these as ""teachers"" (religious instruction) without stating initiation, and the same entry records that Kaka Sahib ""is remembered in the *Uwaisi* style of not naming a personal living guide"" — which cuts against reading any of the four as his murshid. See explicitNonRelations for the Akhund Panju Baba denial in the same sentence.",,
lineage:kaka-sahib:disciple_of:qazi-abul-aala:21c4dc3a,lineage,2,Syed Kasteer Gul (Kaka Sahib) — disciple of — Qazi Abul Aala,,0.7,,object,"Tradition names his teachers as Qazi Abul Aala, Abdullah Ansari Sultanpuri, Maulana Abdul Lateef Sultanpuri, and Sheikh Akhuddeen Seljuki",data/shrines.csv#ziarat-kaka-sahib,"Confidence lowered for two reasons: the source frames these as ""teachers"" (religious instruction) without stating initiation, and the same entry records that Kaka Sahib ""is remembered in the *Uwaisi* style of not naming a personal living guide"" — which cuts against reading any of the four as his murshid. See explicitNonRelations for the Akhund Panju Baba denial in the same sentence.",,
lineage:kaka-sahib:disciple_of:sheikh-akhuddeen-seljuki:21c4dc3a,lineage,2,Syed Kasteer Gul (Kaka Sahib) — disciple of — Sheikh Akhuddeen Seljuki,,0.7,,object,"Tradition names his teachers as Qazi Abul Aala, Abdullah Ansari Sultanpuri, Maulana Abdul Lateef Sultanpuri, and Sheikh Akhuddeen Seljuki",data/shrines.csv#ziarat-kaka-sahib,"Confidence lowered for two reasons: the source frames these as ""teachers"" (religious instruction) without stating initiation, and the same entry records that Kaka Sahib ""is remembered in the *Uwaisi* style of not naming a personal living guide"" — which cuts against reading any of the four as his murshid. See explicitNonRelations for the Akhund Panju Baba denial in the same sentence.",,
lineage:khwaja-muhammad-zaman-sultan-al-aulia:disciple_of:shaikh-abdul-latif:2bbb39d6,lineage,2,Khwaja Muhammad Zaman (Sultan al-Aulia) — disciple of — Shaikh Abdul Latif,,0.7,,object,"Muhammad Zaman received his first instruction from his father, Shaikh Abdul Latif, a follower of the Naqshbandi order",data/shrines.csv#dargah-of-khwaja-muhammad-zaman-luari-sharif,"Confidence lowered — ""first instruction"" from his father, with no initiation or khilafat stated. Also recorded in familyRelations.",,
lineage:mian-mir:disciple_of:shaikh-siyustani:ce8423da,lineage,2,Mian Mir (Mir Mohammad of Sind) — disciple of — Shaikh Siyustani,,0.7,,object,"at the hands of the master whom the shrine’s tradition remembers as Shaikh Siyustani, from whom he received training and, in time, the khilafat, the authority to guide others.",data/shrines.csv#shrine-of-mian-mir,"Confidence lowered — the source itself hedges the master's identity (""whom the shrine's tradition remembers as"").",,
lineage:mian-mir:successor_of:shaikh-siyustani:4e466d7c,lineage,2,Mian Mir (Mir Mohammad of Sind) — successor of — Shaikh Siyustani,,0.7,,object,"from whom he received training and, in time, the khilafat, the authority to guide others.",data/shrines.csv#shrine-of-mian-mir,"Khilafat as authority to guide others, not as inheritance of a seat; and the master's identity is hedged in the source.",,
lineage:mian-qurban-ali-shah:disciple_of:hazrat-mian-fazal-deen:84ae74a0,lineage,2,Hazrat Mian Qurban Ali Shah Sarkar — disciple of — Hazrat Mian Fazal Deen,,0.7,,subject object,His father bestowed his knowledge and spiritual skill upon him and told him to spend his life preaching the religion of Islam.,entries/survey_mian_qurban_ali_shah.md,"Confidence lowered — no bai'at, initiation or khilafat is recorded; entries/entry_mian_qurban_ali_shah.md flags exactly this: ""All spiritual authority in the biography descends from his father, Hazrat Mian Fazal Deen, whose own affiliation is never given,"" and that the survey's Naqshbandi-Mujaddidi silsila answer is unsupported by the biography. Also in familyRelations.",,
lineage:qamar-ali-shah:disciple_of:syed-sakhi-shah-chan-charagh:740161f6,lineage,2,Qamar Ali Shah — disciple of — Syed Sakhi Shah Chan Charagh,,0.7,,subject,"The saint's spiritual legacy is said to have been carried forward by a circle of disciples, among whom tradition names Sakhi Shah Raza, Qamar Ali Shah, and Sakhi Shah Sharaf",data/shrines.csv#darbar-sakhi-shah-chan-charagh,"0.7, same hedged sentence as the other two of the circle.",,
lineage:rasool-shah-gilani-suhrawardi:successor_of:miraj-ud-din-gilani-suhrawardi:ea327734,lineage,2,Rasool Shah Gilani Suhrawardi — successor of — Miraj-ud-Din Gilani Suhrawardi,,0.7,,subject object,"after him to Rasool Shah Gilani Suhrawardi, likewise buried at the shrine",data/shrines.csv#shrine-of-abul-faiz-qalander-ali-suharwardi,"Confidence lowered — the succession is given as a bare list (""after him to ...""), with no statement of how the seat passed.",,
lineage:sai-chanduram:successor_of:sant-baba-asudaram-sakhi-baba:2bdabae1,lineage,2,Sai Chanduram — successor of — Sant Baba Asudaram (Sakhi Baba),,0.7,,subject,"was succeeded by his son Sai Chanduram, whose activity later shifted to Lucknow in India",data/shrines.csv#sant-baba-asudaram-darbar-panno-aqil,"Confidence lowered — ""succeeded by his son"" without saying what was succeeded to (the gaddi, or the running of the darbar). Also in familyRelations.",,
lineage:sakhi-shah-raza:disciple_of:syed-sakhi-shah-chan-charagh:740161f6,lineage,2,Sakhi Shah Raza — disciple of — Syed Sakhi Shah Chan Charagh,,0.7,,subject,"The saint's spiritual legacy is said to have been carried forward by a circle of disciples, among whom tradition names Sakhi Shah Raza, Qamar Ali Shah, and Sakhi Shah Sharaf",data/shrines.csv#darbar-sakhi-shah-chan-charagh,"0.7: ""is said to have been"" and ""tradition names"". NOT the same man as Hazrat Shah Raza Qadri Shattari, Shah Inayat Qadiri's master — see saintDoNotMerge.",,
lineage:sakhi-shah-sharaf:disciple_of:syed-sakhi-shah-chan-charagh:740161f6,lineage,2,Sakhi Shah Sharaf — disciple of — Syed Sakhi Shah Chan Charagh,,0.7,,subject,"The saint's spiritual legacy is said to have been carried forward by a circle of disciples, among whom tradition names Sakhi Shah Raza, Qamar Ali Shah, and Sakhi Shah Sharaf",data/shrines.csv#darbar-sakhi-shah-chan-charagh,"0.7. The same sentence goes on to name a fourth, Kochak Ali Sultan, ""a Mughal prince who ... abandoned a life of ease for the path of the dervish"" — a devotee in a story rather than a disciple in the list of three, so he is not proposed.",,
lineage:shah-inayat-qadiri:disciple_of:hazrat-shah-raza-qadri-shattari:27f8fd74,lineage,2,Shah Inayat Qadiri — disciple of — Hazrat Shah Raza Qadri Shattari,,0.7,,object,and named in a 2026 field survey as Hazrat Shah Raza Qadri Shattari; the two names are close but not identical,data/shrines.csv#shrine-of-shah-inayat-qadiri,"See the preceding proposal. Same source sentence, competing name for the same teacher.",,
lineage:shah-inayat-qadiri:disciple_of:muhammad-ali-raza-shattari:a427f705,lineage,2,Shah Inayat Qadiri — disciple of — Muhammad Ali Raza Shattari,,0.7,,object,Shah Inayat trained under a Shattari Sufi teacher — named in earlier sourcing for this entry as Muhammad Ali Raza Shattari,data/shrines.csv#shrine-of-shah-inayat-qadiri,The entry deliberately records two different names for the same teacher and refuses to prefer one. Both proposed; neither should be resolved without a new source.,,
lineage:shahid-rasool-shah-gilani-suhrawardi:successor_of:rasool-shah-gilani-suhrawardi:19998447,lineage,2,Shahid Rasool Shah Gilani Suhrawardi — successor of — Rasool Shah Gilani Suhrawardi,,0.7,,subject object,"it is now held by the latter’s son, Shahid Rasool Shah Gilani Suhrawardi, who oversees the darbar and continues to accept the allegiance of new disciples",data/shrines.csv#shrine-of-abul-faiz-qalander-ali-suharwardi,"Confidence lowered — the holder of the gaddi is stated, but as inheritance by son rather than a described spiritual succession. Also in familyRelations.",,
lineage:syed-sakhi-shah-chan-charagh:disciple_of:sayyid-shah-inayat:4d8317b7,lineage,2,Syed Sakhi Shah Chan Charagh (Shah Zaman) — disciple of — Sayyid Shah Inayat,,0.7,,object,"He is said to have been the disciple of his own maternal uncle, Sayyid Shah Inayat, himself a celebrated *wali* or friend of God",data/shrines.csv#darbar-sakhi-shah-chan-charagh,"Confidence lowered — hedged (""is said to have been""). IMPORTANT: this ""Sayyid Shah Inayat"" is the saint's maternal uncle in the Pothohar and must NOT be merged with the existing saint `shah-inayat-qadiri` of Mozang, Lahore (Bulleh Shah's murshid) on the strength of the name alone.",,
lineage:syed-shah-jamal-uddin-naqvi-bukhari:disciple_of:sheikh-khokar-baig-suhrawardi:c9cc6fda,lineage,2,Syed Shah Jamal Uddin Naqvi Bukhari — disciple of — Sheikh Khokar Baig Suhrawardi,,0.7,,object,"a special disciple, tradition holds, of Sheikh Khokar Baig Suhrawardi",data/shrines.csv#shrine-of-shah-jamal,"Confidence lowered — hedged as ""tradition holds""; the named master is otherwise undocumented in this corpus.",,
lineage:waris-shah:disciple_of:makhdoom-of-kasur:15ec1557,lineage,2,Waris Shah — disciple of — Makhdoom of Kasur,,0.7,,object,tracing his discipleship to the line of the saint Makhdoom of Kasur,data/shrines.csv#mausoleum-of-waris-shah,"Confidence lowered — ""to the line of"" is a chain-level claim, not a stated personal teacher; and the object is named only by title and place.",,
order:bibi-jawindi:suhrawardiyya:e5e3d927,order,2,Bibi Jawindi — belongs to — suhrawardiyya,Suhrawardi,0.7,,,Bibi Jawindi is remembered as a pious woman of the Jalali Bukhari line — by tradition a great-granddaughter of the celebrated saint Makhdoom Jahaniyan Jahangasht — venerated for her holiness.,data/shrines.csv#tomb-of-javindi-bibi,"0.7: the prose places her in the ""Jalali Bukhari line"" (a descent group) and never names an order for her; the row's other Suhrawardi mention is about the tomb style of ""the Suhrawardi saints"". Also note a modelling clash: existing-saints.json attaches this shrine to jalaluddin-surkh-posh-bukhari, not to Bibi Jawindi, who has no saint node.",,
order:ghazi-syed-shah-fateh-muhammad-bukhari:suhrawardiyya:143f55f9,order,2,Ghazi Syed Shah Fateh Muhammad Bukhari — belongs to — suhrawardiyya,Suhrawardi,0.7,,,"the saint honoured at Wadpagga, Ghazi Baba, belonged to the *Bukhari sayyids*, that widely revered lineage which traces its descent through the great Suhrawardi saints of the medieval Punjab and Sindh",data/shrines.csv#wadpagga-sharif,"0.7: descent through Suhrawardi saints, not a stated initiation. The row's other order sentence lists ""Suhrawardi, Qadiri, Naqshbandi"" as the movements that took root around Peshawar generally — not as this saint's affiliations, and not proposed as such.",,
order:hazrat-bahaal-halim:suhrawardiyya:edf66dfd,order,2,Hazrat Baha'al-Halim — belongs to — suhrawardiyya,Suhrawardi,0.7,,,the ancient town in Bahawalpur district that was for centuries a great centre of the Suhrawardi order and of the Bukhari Sayyids,data/shrines.csv#tomb-of-bahaal-halim-uch-sharif,"0.7: the column gives the order, but the only prose support states it of Uch Sharif as a place, not of this figure. Nothing in the row describes his own initiation or teachers.",,
order:hazrat-mian-qurban-ali-shah:naqshbandiyya:ffdf9ab8,order,2,Hazrat Mian Qurban Ali Shah Sarkar — belongs to — naqshbandiyya (branch: Naqshbandī Mujaddidī),"Naqshbandī Mujaddidī (survey answer as written: ""Naqshbandi Majdadi - Ahl e Sunnat""; ""Ahl e Sunnat"" is the sect answer, not a *silsila*)",0.7,,saint,"The survey records the site's affiliation as Naqshbandī Mujaddidī, within Ahl-e Sunnat",entries/entry_mian_qurban_ali_shah.md,"Not in the 169-row corpus and not in existing-saints.json — a drafted entry only, so the shrineSlug here is derived from the entry title and is NOT yet a dataset slug. 0.7 because the entry's own qa_note says ""SILSILA UNSUPPORTED BY THE BIOGRAPHY ... The silsila field therefore rests on the one-line Q5 answer alone.""",,
order:hazrat-wasif-ali-wasif:chishtiyya + qadiriyya:47044d69,order,2,Hazrat Wasif Ali Wasif Awan — belongs to — chishtiyya + qadiriyya (branch: Chishti Qadri),"Chishti Qadri — the survey states allegiance (bai'at) to ""Hazrat Shah Niyaz Ahmad Chisti Qadri""; see note on the source wording below",0.7,,,"Kandan Kabila, Ahl e Sunnat, Awaz belong in past with Hazrat Ali (R.A), Baithi Hazrat Shah Niyaz Ahmad Chisti Qadri.",data/shrines.csv#darbar-wasif-ali-wasif,"0.7: ""Chishti Qadri"" appears in the source only as part of his murshid's name (bai'at to ""Hazrat Shah Niyaz Ahmad Chisti Qadri""), and the entry itself says the survey wording ""is not fully grammatical and is reproduced here"". Allegiance to a Chishti Qadri master is the recorded fact; his own dual membership is an inference. ""Ahl e Sunnat"" is a sect, not an order. Not in existing-saints.json.",,
order:pir-syed-muhammad-channan-shah-nuri:naqshbandiyya:f932d95a,order,2,Pir Syed Muhammad Channan Shah Nuri — belongs to — naqshbandiyya,Naqshbandi,0.7,,,"**Pir Syed Muhammad Channan Shah Nuri** is the figure recorded in our database for this site, in the Naqshbandi tradition.",data/shrines.csv#allo-mahar,"Held at 0.7 deliberately: this row's principal figure is unresolved (see docs/allo_mahar_resolution.md; needs_review=figure_unresolved). The order is recorded for the named figure, but the description states the entry is awaiting a field visit to establish whose tomb the shrine is. Do not merge without that visit.",,
dates:baba-bankhandi-maharaj:defb0e35,dates,3,Baba Bankhandi Maharaj — no date [unclear],unrecorded,0.95,,,"The founding of Sadh Belo is attributed to the *Udasi* saint Baba Bankhandi Maharaj, born Balchand Sharma, whose origins are variously traced, according to differing accounts, to Kero",data/shrines.csv#sadh-belo-sadh-belo-island-temple,,,
dates:baba-pir-ratan-nath:b0072c62,dates,3,Baba Pir Ratan Nath — no date [unclear],unrecorded,0.95,,,"the details of his life are wrapped in legend and cannot be fixed with confidence to a particular century, and the tradition should be received as sacred memory rather than",data/shrines.csv#dargah-pir-ratan-nath-jee,,,
dates:bahauddin-zakariya:558e82cb,dates,3,"Bahauddin Zakariya — b. around 1170 (prose: ""c. 1170""), d. 1267 [CE]",circa,0.95,,,"Baha-ud-Din Zakariya was born around 1170 near Multan, into a Qureshi family of Arab descent that had settled in the region. He pursued",data/shrines.csv#shrine-of-bahauddin-zakariya,,,
dates:bhagat-kanwar-ram:5cde7e6a,dates,3,"Bhagat Kanwar Ram — b. 13 April 1885, d. November 1939 (assassinated at Ruk railway station) [CE]",year,0.95,,,"Kanwar Ram — born 13 April 1885 at Tarachand's house in Jarwar, then part of Mirpur Mathelo tehsil, and a disciple of Sant Satram Das (1866-1910) — was also remembered for singing the",data/shrines.csv#sant-bhagat-kanwar-ram-temple-chak,,,
dates:bhagwan-swaminarayan:e385d4c6,dates,3,"Bhagwan Swaminarayan — b. 1781, d. 1830 [CE]",year,0.95,,,"The Swaminarayan movement takes its name from *Swaminarayan* (Sahajanand Swami, 1781–1830), the reformer and teacher who gathered a large following across Gujarat and",data/shrines.csv#shri-swaminarayan-mandir-karachi,,,
dates:bhai-taru:b2208e64,dates,3,"Bhai Taru — b. around 1720 (prose: ""c. 1720""), d. 1 July 1745 [CE]",exact-date,0.95,,,"Bhai Taru Singh, having outlived his persecutor, is said to have given up his life of his own will on 1 July 1745. His fortitude made him",data/shrines.csv#gurdwara-shaheed-bhai-taru-singh,,,
dates:bibi-jawindi:bbf23007,dates,3,Bibi Jawindi — no date [unclear],unrecorded,0.95,,,Bibi Jawindi is remembered as a pious woman of the Jalali Bukhari line — by tradition a great-granddaughter of the celebrated saint Makhdoom Jahaniyan Jahangasht — venerated for her,data/shrines.csv#tomb-of-javindi-bibi,,,
dates:bulleh-shah:be5359e1,dates,3,"Bulleh Shah — b. around 1680, d. around 1757 [CE]",circa,0.95,,,"Bulleh Shah was born around 1680, into a respected Sayyid family; his father was a learned and pious man, an imam and teacher,",data/shrines.csv#mazar-of-bulleh-shah,,,
dates:daud-bandagi-kirmani:9c458c5c,dates,3,"Daud Bandagi Kirmani — b. 1513, d. 1575 [CE]",year,0.95,,,"Daud, honoured with the title *Bandagi* (“servitude,” marking his devotion) and the epithet *Kirmani* for his family’s origins, was born in 1513. He gave himself to religious learning and",data/shrines.csv#shergarh,,,
dates:fariduddin-ganjshakar:b7dcda95,dates,3,"Fariduddin Ganjshakar — b. around 1173 (prose: ""c. 1173""), d. 1266 [CE]",circa,0.95,,,"Farid was born around 1173 at Kothewal, near Multan, into a family of learned émigrés of Central Asian origin; his grandfather is said to have come",data/shrines.csv#shrine-of-fariduddin-ganjshakar,,,
dates:ganj-e-inayat-sarkar:6bbda2d1,dates,3,"Ganj e Inayat Sarkar — b. 18 November 1937, d. 2011 [CE]",year,0.95,,,"Muhammad Inayat Ahmad was born on 18 November 1937 at Kalisaah, a village of the Kashmir valley, into a household known for both learning and piety.",data/shrines.csv#shrine-of-ganj-e-inayat-sarkar,,,
dates:ghazi-ilm-din-shaheed:950e61ee,dates,3,"Ghazi Ilm Din Shaheed — b. 4 December 1908, d. 31 October 1929 [CE]",exact-date,0.95,,,"Ghazi Ilm Din was born on 4 December 1908 in Lahore to a family of carpenters (*tarkhan*); his father's name is given as Taleh Mand. He had two brothers, one a fellow carpenter",data/shrines.csv#darbar-ghazi-ilm-din-shaheed,,,
dates:ghazi-syed-shah-fateh-muhammad-bukhari:3cc364d1,dates,3,Ghazi Syed Shah Fateh Muhammad Bukhari — no date [unclear],unrecorded,0.95,,,"Because the detailed record of his life survives chiefly in family and devotional tradition rather than in independent chronicle, the particulars of his dates and deeds are best received as",data/shrines.csv#wadpagga-sharif,,,
dates:guru-gobind-singh:8fb86ffe,dates,3,Guru Gobind Singh — d. 1708 [CE],year,0.95,,,"the era of *Guru Gobind Singh* (the tenth Guru, died 1708). It took its enduring form, however, during the",data/shrines.csv#gurdwara-bhai-beba-singh,,,
dates:guru-ram-das:a1f92e54,dates,3,"Guru Ram Das — b. 1534, d. 1581 [CE]",year,0.95,,,"Ram Das was born in the Chuna Mandi bazaar of Lahore in 1534, in a family of modest means, and was known in his boyhood as Bhai Jetha. Orphaned",data/shrines.csv#gurdwara-guru-ram-das-ji,,,
dates:hazrat-bahaal-halim:7e2f02cc,dates,3,Hazrat Baha'al-Halim — no date [unclear],unrecorded,0.95,,,"the exact dates of his life are not securely recorded and are best treated with caution. The mausoleum is an octagonal, three-tiered structure of",data/shrines.csv#tomb-of-bahaal-halim-uch-sharif,,,
dates:hazrat-hafiz-muhammad-jamal-multani:f6235205,dates,3,"Hazrat Hafiz Muhammad Jamal Multani — b. around 1747 (1160 AH), d. 1811 [both]",circa,0.95,,,"Born at Multan around 1747 (1160 AH) and dying in 1811, Hafiz Jamal was a disciple of *Khwaja Noor Muhammad Maharvi*, a leading Chishti master of the",data/shrines.csv#shrine-of-hafiz-muhammad-jamal-multani,,,
dates:hazrat-meeran-muhammad-shah-bukhari:5ee1b621,dates,3,"Hazrat Meeran Muhammad Shah Bukhari — b. 1533, d. 1604 [CE]",year,0.95,,,"commemorates a saint born in 1533 in Uch Sharif, the son of Safi-ud-Din Bukhari of the Sadaat of that town, a descendant of Jalaluddin Surkh-Posh",data/shrines.csv#shrine-of-mauj-darya-bukhari,,,
dates:hazrat-muhammad-ayub-shah-bukhari:bf3aca15,dates,3,Hazrat Muhammad Ayub Shah Bukhari — no date [unclear],unrecorded,0.95,,,"the documented history of the saint is thin and his dates uncertain, so his biography is best treated as living tradition rather than established record; the *Bukhari*",data/shrines.csv#shrine-of-hazrat-muhammad-ayub-shah-bukhari,,,
dates:hazrat-shah-ali-akbar-shamsi:42ff3c67,dates,3,Hazrat Shah Ali Akbar Shamsi — no date [unclear],unrecorded,0.95,,,construction of the mausoleum began in 993 AH (about 1585 CE) and took some fifteen years to complete; it is said to have been raised by the saint's,data/shrines.csv#shrine-of-hazrat-shah-ali-akbar-shah-ali-akbar-shamsi,,,
dates:jahaniyan-jahangasht:508eaa6c,dates,3,"Jahaniyan Jahangasht — b. 1308, d. 1384 [CE]",year,0.95,,,"Born at Uch in 1308 into the Bukhari sayyid family founded by his grandfather Surkh-Posh, Jalaluddin was schooled in the religious sciences and the",data/shrines.csv#shrine-of-makhdoom-jahaniyan-jahangasht,,,
dates:jalaluddin-surkh-posh-bukhari:acb002cf,dates,3,"Jalaluddin Surkh-Posh Bukhari — b. 1192, d. 1291 [CE]",year,0.95,,,"Sayyid Jalaluddin was born in 1192 at Bukhara, in Central Asia, into a family of Sayyids tracing descent from the Prophet. Migrating southward in the",data/shrines.csv#shrine-of-jalaluddin-surkh-posh-bukhari-jalaluddin-bukhari,,,
dates:khawaja-feroz-ud-din-gharib-nawaz:a4882d75,dates,3,"Hazrat Khawaja Feroz-ud-Din Gharib Nawaz Chishti Nizami — d. Friday, 27 November 1981 [CE]",exact-date,0.95,,saint,"He died suddenly of a liver ailment on Friday, 27 November 1981, and his disciples built his shrine at Miani Sahib, where — the survey says — a crowd",data/shrines.csv#darbar-hazrat-khawaja-feroz-ud-din-gharib-nawaz-chishti-nizami,,,
dates:khwaja-ghulam-farid:8a848822,dates,3,"Khwaja Ghulam Farid — b. 1845, d. 1901 [CE]",year,0.95,,,He died in 1901 at Chachran and was buried at Kot Mithan. ## The Poetry Khwaja Ghulam Farid’s fame rests on,data/shrines.csv#mithankot-kot-mithan,,,
dates:khwaja-muhammad-zaman-sultan-al-aulia:1f6d3d28,dates,3,"Khwaja Muhammad Zaman ""Sultan al-Aulia"" — b. 1713, d. January 1775 [CE]",year,0.95,,,"He died in January 1775 and was buried at Luari, where his tomb and the vaulted chambers of his successors form the",data/shrines.csv#dargah-of-khwaja-muhammad-zaman-luari-sharif,,,
dates:laki-shah-saddar:9d75f762,dates,3,Laki Shah Saddar — no date [unclear],unrecorded,0.95,,,"Precise dates for his life have not been securely established, and devotees emphasise his spiritual station and the miracles (*karamat*) attributed",data/shrines.csv#shrine-of-lakhi-shah-saddar,,,
dates:lal-shahbaz-qalandar:08994eea,dates,3,"Lal Shahbaz Qalandar — b. around 1177 (prose: ""c. 1177""), d. around 1274 [CE]",circa,0.95,,,"Sayyid Usman Marwandi — known to the world as Lal Shahbaz Qalandar — was born around 1177 at Marwand, in the Persian-speaking lands to the west (in the region of present-day",data/shrines.csv#lal-shahbaz-qalandar,,,
dates:makhdoom-abdul-rahim-girhori:4489249b,dates,3,"Makhdoom Abdul Rahim Girhori — b. 1739, d. 1778 [CE]",year,0.95,,,a leading Naqshbandi mystic and scholar of eighteenth-century Sindh (1739–1778) who belonged to the Mangrio tribe and came to be known as *Girhori* after he settled at,data/shrines.csv#shrine-of-makhdoom-abdul-rahim-girhori,,,
dates:makhdoom-nooh:8486d255,dates,3,"Makhdoom Nooh — b. around 1500-1505, d. about 1590 [CE]",range,0.95,,,"with tradition placing his birth around 1500-1505 and his death about 1590. A Sufi of the *Suhrawardi* order, honoured also with an Uwaisi spiritual lineage, he is remembered as",data/shrines.csv#shrine-of-makhdoom-nooh-hala,,,
dates:mian-qurban-ali-shah:eed96182,dates,3,"Hazrat Mian Qurban Ali Shah Sarkar — b. 1341 AH (c. 1922–23 CE by calendar conversion), d. 25 Rabīʿ al-Thānī; year not stated in the survey [AH]",exact-date,0.95,,saint,"Hazrat Qurban Ali Shah was born in 1341 AH in Malerkotla, India, that his given name was Qurban Ali, and that people later came to call him Mian Qurban Ali Shah in recognition of",entries/entry_mian_qurban_ali_shah.md,,,
dates:muhammad-shamsuddin-sialvi:feca4fc4,dates,3,"Muhammad Shamsuddin Sialvi — b. 1799, d. 1883 [CE]",year,0.95,,,"Khwaja Muhammad Shamsuddin was born in 1799 at Sial Sharif into a devout family, and from his youth pursued the religious sciences and the Sufi path.",data/shrines.csv#sial-sharif,,,
dates:pir-chhatal-shah-noorani:0c806416,dates,3,Pir Chhatal Shah Noorani — no date [unclear],unrecorded,0.95,,,"asked who Chhatal Shah Noorani had been, the man replied simply, ""Only Allah knows!"" — adding only that he was ""a granter of wishes"" to Hindus and Muslims",data/shrines.csv#shrine-of-pir-chhatal-shah-noorani,,,
dates:pir-lakha:f6d7be68,dates,3,Pir Lakha — no date [unclear],unrecorded,0.95,,,"Because the life of the eponymous *pir* is essentially undocumented in accessible sources, only the shrine's living role as a pilgrimage-and-healing centre can be stated",data/shrines.csv#shrine-of-pir-lakha-aab-e-shifa-jhal-magsi,,,
dates:pir-meher-ali-shah:8091ac35,dates,3,"Pir Meher Ali Shah — b. 1859, d. 1937 [CE]",year,0.95,,,"Meher Ali Shah was born in 1859 at Golra, into a Sayyid family of learning and sanctity descended from the Prophet. He received a",data/shrines.csv#golra-sharif,,,
dates:pir-sher-muhammad:cb14ca13,dates,3,"Pir Sher Muhammad — b. 1865, d. 1928 [CE]",year,0.95,,,"Mian Sher Muhammad was born in 1865 at Sharaqpur into a devout family, and from his youth turned to the religious sciences and the Sufi",data/shrines.csv#shrine-of-pir-sher-muhammad,,,
dates:pir-syed-muhammad-rashid-shah-roze-dhani:1c681ad8,dates,3,"Pir Syed Muhammad Rashid Shah, ""Roze Dhani"" — b. 1757, d. 1818 [CE]",year,0.95,,,"Pir Syed Muhammad Rashid Shah (1757–1818), known by his honorific Roze Dhani, ""master of the shrine,"" the founder of the Rashidi Sufi order and an",data/shrines.csv#dargah-of-pir-muhammad-rashid-roze-dhani-pir-jo-goth,,,
dates:qalandar-baba-auliya:5886e119,dates,3,"Qalandar Baba Auliya — b. 1898, d. 1979 [CE]",year,0.95,,,"Muhammad Azeem was born in 1898 at Khurja, in the United Provinces of British India, into a Sayyid family, and is known by the spiritual title",data/shrines.csv#shrine-of-qalandar-baba-auliya,,,
dates:rahman-baba:b01e4874,dates,3,"Rahman Baba — b. around 1653, d. around 1711 [CE]",circa,0.95,,,"Abdur Rahman was born around 1653 near Peshawar, into the Mohmand tribe of the Pashtuns; he is remembered as a man of humble means and",data/shrines.csv#rahman-baba-mausoleum-rehman-baba-shrine,,,
dates:sachal-sarmast:3828e86d,dates,3,"Sachal Sarmast — b. 1739, d. 1827 [CE]",year,0.95,,,"Sachal Sarmast was born in 1739 at Daraza into a Sayyid family of the Farooqi line; his given name was Abdul Wahab, but he became known as *Sachal* — “the truthful” — and *Sarmast* — “the",data/shrines.csv#shrine-of-sachal-sarmast,,,
dates:sain-vali-vilayat-rai:dda68faa,dates,3,Sain Vali Vilayat Rai — b. 1825 [CE],year,0.95,,,"Its founder, Vali Vilayat Rai, was born in 1825 into a prosperous Hindu family of Old Hala; his father, Pratab Rai, had served as a *munshi*",data/shrines.csv#sain-vali-vilayat-rai-darbar-kambar,,,
dates:sant-baba-asudaram-sakhi-baba:b14355d3,dates,3,"Sant Baba Asudaram ""Sakhi Baba"" — b. 3 April 1895, d. 4 September 1960 [CE]",exact-date,0.95,,,"Asudaram (1895–1960), remembered by the honorific *Sakhi Baba*, ""the generous master,"" was born on 3 April 1895 in the village of Jatoin near Panno Aqil, the son of Bhai Ludhrodmal and",data/shrines.csv#sant-baba-asudaram-darbar-panno-aqil,,,
dates:satguru-swami-sai-satramdas-sahib:83b9aa77,dates,3,"Satguru Swami Sai Satramdas Sahib — b. 25 October 1866, d. 25 January 1910 [CE]",exact-date,0.95,,,"the revered Sindhi saint born here, according to the tradition, on 25 October 1866. He gave his life to spiritual teaching in the syncretic Sindhi devotional mould, preaching love, humility",data/shrines.csv#sant-satram-dham-raharki-sacho-satram-devri-sahib,,,
dates:shah-abdul-karim-bulri:83afee3c,dates,3,"Shah Abdul Karim Bulri — b. 1536, d. 1623 [CE]",year,0.95,,,"Shah Abdul Karim (1536–1623) was born into a Sayyid family of Matiari but spent most of his life at Bulri, from which he takes his epithet. He is remembered as a mystic of simple, laborious",data/shrines.csv#shrine-of-shah-abdul-karim-bulri,,,
dates:shah-abdul-latif-bhittai:6c6fa01d,dates,3,"Shah Abdul Latif Bhittai — b. 1689, d. 1752 [CE]",year,0.95,,,"Abdul Latif was born in 1689 into a Sayyid family of Sindh, descendants of a line of saints; his ancestor Shah Abdul Karim of Bulri was himself a noted mystic",data/shrines.csv#bhit-bhit-shah,,,
dates:shah-abul-muali-qadri:3fd0763d,dates,3,"Shah Abul Muali Qadri (Hazrat Syed Muhammad Khair ul Deen) — b. 10 Zil Hajj 960 Hijri, d. 16 Rabi ul Awal 1024 Hijri [AH]",exact-date,0.95,,,"Tradition holds that Shah Abul Muali was born on 10 Zil Hajj 960 Hijri in Kirman, Iran, the son of Syed Rehmatullah Kirmani, of the Kirmani Sadaat. His *kunyat* was Abul Muali,",data/shrines.csv#darbar-abul-muali-qadri,,,
dates:shah-gohar-peer:dcb5c227,dates,3,"Hazrat Shah Gohar Peer — b. 11 Rabīʿ al-Sānī 729 AH, d. 21 Ramzan 825 AH [AH]",exact-date,0.95,,saint,"was born on 11 Rabīʿ al-Sānī 729 AH at Uch Sharif. His father, Syed Ul Hassan Kabeer, is described as a pious Sufi and a scholar of *dīn* (religion)",entries/entry_shah_gohar_peer.md,,,
dates:shah-hussain:8ce8c034,dates,3,"Shah Hussain — b. 1538, d. 1599 [CE]",year,0.95,,,"Hussain was born in Lahore in 1538 into a family of weavers — his father, by tradition, a craftsman who stitched uniforms for the army of the Emperor",data/shrines.csv#shrine-of-hazrat-madho-lal-hussain-shah-hussain-darbar,,,
dates:shah-rukn-e-alam:f013c467,dates,3,"Shah Rukn-e-Alam — b. 1251, d. 1335 [CE]",year,0.95,,,"Rukn-ud-Din was born in Multan in 1251, the grandson of Baha-ud-Din Zakariya and son of Sadr-ud-Din Arif, into the leading Suhrawardi family of the",data/shrines.csv#shrine-of-shah-rukn-e-alam,,,
dates:shams-ali-qalandar:e36d7cbe,dates,3,"Shams Ali Qalandar — b. c. 1873, d. Tuesday, the sixth of September 1966 [CE]",exact-date,0.95,,,"Tradition records that Shams Ali Qalandar died on Tuesday, the sixth of September 1966, at the advanced age of about ninety-three, at Dhaliana in the Shamsabad area, where his",data/shrines.csv#shamsabad,,,
dates:sufi-shah-inayat-shaheed:276b5385,dates,3,Sufi Shah Inayat Shaheed — d. 1718 [CE],year,0.95,,,"after a long resistance he was taken by treachery and put to death in 1718. He is remembered ever after as *Shaheed*,",data/shrines.csv#dargah-roza-sufi-shah-inayat-shaheed,,,
dates:sultan-bahoo:8066cfd7,dates,3,"Sultan Bahoo — b. 1630, d. 1691 [CE]",year,0.95,,,"Bahu was born in 1630 in the Shorkot region of Jhang, into an Awan family; his father was an official of the Mughal administration and his mother, Bibi Rasti,",data/shrines.csv#garh-maharaja-shorkot,,,
dates:sultan-qutb-ud-din-aibak:36035b5a,dates,3,"Sultan Qutb ud-Din Aibak — b. around 1150, d. November 1210 [CE]",year,0.95,,,"Born around 1150 in Turkestan, Aibak was sold into slavery as a child and eventually rose, through service to the Ghurid ruler Muhammad Ghori, to",data/shrines.csv#tomb-of-qutbuddin-aibak,,,
dates:syed-abdul-razzaq:b16ce1c3,dates,3,Syed Abdul Razzaq — d. 1657 CE [CE],year,0.95,,,"Given the honorific ""Chiragh,"" meaning lamp, by his grandfather Hazrat Abdul Qadir Sani, he flourished during the reign of the Mughal emperor Shah Jahan and died in 1657 CE. His mausoleum",data/shrines.csv#shrine-of-baba-shah-chiragh,,,
dates:syed-ali-tirmizi:517c319d,dates,3,"Syed Ali Tirmizi — b. c. 1502, d. 1583 [CE]",circa,0.95,,,"*Syed Ali Tirmizi* (c. 1502–1583), the Sufi saint universally known as *Pir Baba*, one of the most revered holy figures of the Pashtun lands. Of",data/shrines.csv#shrine-of-pir-baba-syed-ali-tirmizi,,,
dates:syed-miran-hussain-zanjani:db31a547,dates,3,"Syed Miran Hussain Zanjani — b. 958 CE, d. 1042 CE [CE]",year,0.95,,,"A Hussaini Syed born in 958 CE in Zanjan, in present-day Iran, he travelled to Lahore around 998 CE on the instruction of his spiritual master, Sheikh Abu al-Fazal Khatil, and is",data/shrines.csv#shrine-of-miran-hussain-zanjani-zanjani-sahib,,,
dates:syed-muhammad-noushah-qadiri:15b6ae35,dates,3,"Syed Muhammad Noushah Qadiri — b. 1552, d. 1654 [CE]",year,0.95,,,"Muhammad Noushah — honoured as *Ganj Bakhsh*, “the bestower of treasure,” and *Noushah*, “the bridegroom” — was born in 1552. He took the Sufi path in the Qadiri order and, attaining a high",data/shrines.csv#ranmal-sharif,,,
dates:tahir-bandagi-qadri:5eeb8954,dates,3,"Hazrat Tahir Bandagi Qadri — b. 1576 CE, d. 8 Muharram 1040 AH, which the survey gives as 8 August 1630 CE [both]",exact-date,0.95,,saint,"He died on 8 Muharram 1040 AH, which the survey gives as 8 August 1630 CE -- the two calendars agreeing exactly -- at the age of 54, consistent with the birth year of 1576 the same survey",data/shrines.csv#darbar-hazrat-tahir-bandagi-qadri,,,
dates:ustad-nuriya:98ff2abe,dates,3,Ustad Nuriya — no date [unclear],unrecorded,0.95,,,"Tradition holds that the tomb honours Ustad Nuriya — the master-builder, or ustad, credited with designing the exquisite tomb of Bibi Jawindi, itself usually dated to the late",data/shrines.csv#tomb-of-ustad-nuriya,,,
dates:waris-shah:a22b5f2e,dates,3,"Waris Shah — b. around 1722 (prose: ""c. 1722""), d. around 1798 [CE]",circa,0.95,,,Waris Shah was born around 1722 into a Sayyid family at Jandiala Sher Khan. He received a thorough religious and,data/shrines.csv#mausoleum-of-waris-shah,,,
dates:wasif-ali-wasif:ebc2a308,dates,3,"Hazrat Wasif Ali Wasif — b. 15 January 1929, d. 18 January 1993 [CE]",exact-date,0.95,,saint,"He was born on 15 January 1929 in Shahpur, Khushab District. His father, Muhammad Arif, was himself a teacher. The survey states his family",data/shrines.csv#darbar-wasif-ali-wasif,,,
finding:order:newOrdersNeeded:azeemia,finding/order,3,"azeemia — newOrdersNeeded — RESOLVED: in the taxonomy as ""azeemia""",,,newOrdersNeeded,,,,"RESOLVED — the order now exists in data/kg.json as ""azeemia"", so there is nothing left to decide here. Original finding: ""the founder of the Azeemia Sufi order"" — a twentieth-century foundation with no parent named anywhere in the row. Its transmission is given as Qalandar Baba Auliya to Khwaja Shamsuddin Azeemi.",,
finding:order:newOrdersNeeded:malamatiyya,finding/order,3,"malamatiyya — newOrdersNeeded — RESOLVED: in the taxonomy as ""malamati""",,,newOrdersNeeded,,,,"RESOLVED — the order now exists in data/kg.json as ""malamati"", so there is nothing left to decide here. Original finding: The corpus treats the Malamatiyya as a distinct current, ""the Sufis of the 'path of blame'"", with no parent order. Note the source uses both ""Malamati"" (the silsila cell, and ""the great Malamati Sufi"") and ""Malamatiyya"" (the prose); the proposed name follows the prose form.",,
finding:order:newOrdersNeeded:rashidi,finding/order,3,"rashidi — newOrdersNeeded — RESOLVED: in the taxonomy as ""rashidi""",,,newOrdersNeeded,,,,"RESOLVED — the order now exists in data/kg.json as ""rashidi"", so there is nothing left to decide here. Original finding: The corpus calls it ""the Rashidi Sufi order"", founded by Pir Muhammad Rashid Shah himself, and gives it no parent. The same row separately calls him ""A Qadiri–Naqshbandi saint"", but does not say the Rashidi is a branch of either, so no parent is asserted here. Slug follows the source's own name; the existing five use an -iyya form, so a human should decide the convention (a code-side label question, not a sheet value).",,
finding:order:newOrdersNeeded:shattari,finding/order,3,"shattari — newOrdersNeeded — RESOLVED: in the taxonomy as ""shattari""",,,newOrdersNeeded,,,,"RESOLVED — the order now exists in data/kg.json as ""shattari"", so there is nothing left to decide here. Original finding: Named as a silsila in its own right, on a par with the Qadiri, in the one sentence that describes Shah Inayat's practice: ""He combined the Qadiri and Shattari silsilas in his own practice."" It is a parent-level order in the source, not a Qadiri sub-branch, even though the recorded value ""Qadri Shattari"" fuses the two.",,
lineage:abul-faiz-qalander-ali-suharwardi:disciple_of:hazrat-ghulam-muhammad-suhrawardi:a9441cf9,lineage,3,Sayyid Abul Faiz Qalandar Ali Gilani Suhrawardi — disciple of — Hazrat Ghulam Muhammad Suhrawardi,,0.95,,object,"It was Meher Ali Shah, tradition says, who told him that his true portion lay in the Suhrawardi order, with Hazrat Ghulam Muhammad Suhrawardi, and bade him take allegiance there — which he did.",data/shrines.csv#shrine-of-abul-faiz-qalander-ali-suharwardi,"The same entry twice calls Ghulam Muhammad Suhrawardi ""his master"". This is the allegiance the entry says he made his own, as against the Qadiri-Gilani inheritance.",,
lineage:bahauddin-zakariya:disciple_of:shaikh-shihab-ud-din-abu-hafs-umar-al-suhrawardi:a6d9d420,lineage,3,Bahauddin Zakariya — disciple of — Shaikh Shihab-ud-Din Abu Hafs Umar al-Suhrawardi,,0.95,,object,"travelling to Baghdad to enter the discipleship of Shaikh Shihab-ud-Din Abu Hafs Umar al-Suhrawardi, the great systematiser of the Suhrawardi order",data/shrines.csv#shrine-of-bahauddin-zakariya,"Also in shrine_entries/Bahauddin Zakariya (Multan).md, same wording.",,
lineage:bahauddin-zakariya:successor_of:shaikh-shihab-ud-din-abu-hafs-umar-al-suhrawardi:f45c1104,lineage,3,Bahauddin Zakariya — successor of — Shaikh Shihab-ud-Din Abu Hafs Umar al-Suhrawardi,,0.95,,object,"Under him Zakariya completed his training with remarkable speed and received the mantle of *khilafat*, with authorisation to carry the order to India.",data/shrines.csv#shrine-of-bahauddin-zakariya,,,
lineage:bhai-gurdas-veneration-of-guru-nanak:disciple_of:guru-gobind-singh:d7793c06,lineage,3,Bhai Gurdas (Sevapanthi) — disciple of — Guru Gobind Singh,,0.95,,,"the order of devotees descended from Bhai Gurdas, the disciple of Guru Gobind Singh who is said to have carried the Nanakpanthi teaching into Sindh and Balochistan in the eighteenth century",data/shrines.csv#sevapanthi-darbar-bhai-gurdas-gandava,The archive carries two saint slugs whose descriptions match one figure — see nameVariantsSeen; not merged here.,,
lineage:data-ganj-bakhsh:disciple_of:abul-fadl-muhammad-al-khuttali:d72b5f31,lineage,3,Hazrat Ali ibn Usman al-Hujwiri (Data Ganj Bakhsh) — disciple of — Abu’l-Fadl Muhammad al-Khuttali,,0.95,,object,"His own spiritual guide was Abu’l-Fadl Muhammad al-Khuttali, who linked him to the “sober” Sufism of the school of Junayd of Baghdad",data/shrines.csv#data-darbar,"The Miran Hussain Zanjani entry names Zanjani's master as ""Sheikh Abu al-Fazal Khatil"" and calls Zanjani Hujwiri's senior ""pir-brother"" — orthographically close to this name, and consistent with a shared master, but no source in this corpus states the two names are one person. Left as two separate objects rather than merged.",,
lineage:fariduddin-ganjshakar:disciple_of:khwaja-qutbuddin-bakhtiar-kaki:716e4173,lineage,3,Baba Fariduddin Mas'ud Ganjshakar — disciple of — Khwaja Qutbuddin Bakhtiar Kaki,,0.95,,object,"A disciple and spiritual heir of Khwaja Qutbuddin Bakhtiar Kaki of Delhi, and the master of the great Nizamuddin Auliya",data/shrines.csv#shrine-of-fariduddin-ganjshakar,,,
lineage:fariduddin-ganjshakar:successor_of:khwaja-qutbuddin-bakhtiar-kaki:41278672,lineage,3,Baba Fariduddin Mas'ud Ganjshakar — successor of — Khwaja Qutbuddin Bakhtiar Kaki,,0.95,,object,A disciple and spiritual heir of Khwaja Qutbuddin Bakhtiar Kaki of Delhi,data/shrines.csv#shrine-of-fariduddin-ganjshakar,,,
lineage:ganj-e-inayat-sarkar:disciple_of:hazrat-pir-syed-ismail-shah-bukhari:2dd62f01,lineage,3,Pir Muhammad Inayat Ahmad Naqshbandi Mujaddidi (Ganj-e-Inayat Sarkar) — disciple of — Hazrat Pir Syed Ismail Shah Bukhari (Karman Wali Sarkar),,0.95,,object,he took the oath of allegiance (bai‘at) at the hand of Hazrat Pir Syed Ismail Shah Bukhari — famous as *Karman Wali Sarkar*,data/shrines.csv#shrine-of-ganj-e-inayat-sarkar,,,
lineage:guru-angad:disciple_of:guru-nanak:346decd4,lineage,3,Guru Angad (Bhai Lehna) — disciple of — Guru Nanak,,0.95,,subject,"Guru Nanak set aside his own sons in favour of a devoted disciple, Bhai Lehna, whom he renamed Angad — ""of my own limb"" — and installed as the second Guru",data/shrines.csv#gurdwara-darbar-sahib-kartarpur,"Found on 30 August 2026 by scripts/data/scan-lineage-statements.mjs, which reads every lineage sentence in the corpus. One of only TWO this file's original sweep missed across 177 such sentences — that sweep's `method` claims all 169 rows, and the scan is the first check of the claim. One sentence states both relations: ""a devoted disciple"" and ""installed as the second Guru"".",,
lineage:guru-angad:successor_of:guru-nanak:346decd4,lineage,3,Guru Angad (Bhai Lehna) — successor of — Guru Nanak,,0.95,,subject,"Guru Nanak set aside his own sons in favour of a devoted disciple, Bhai Lehna, whom he renamed Angad — ""of my own limb"" — and installed as the second Guru",data/shrines.csv#gurdwara-darbar-sahib-kartarpur,"The succession half of the same sentence, as a separate edge because the corpus distinguishes them and the entry's whole point is that the two came apart here: Nanak passed the Guruship over his own sons, ""founding the line of succession by spiritual merit rather than heredity"". The archive's other Sikh succession, Guru Arjan Dev to Guru Hargobind, ran father to son.",,
lineage:guru-gorakhnath:disciple_of:matsyendranath:be4b3773,lineage,3,Guru Gorakhnath — disciple of — Matsyendranath,,0.95,,object,"He is remembered as the disciple of Matsyendranath, and the *Nath* tradition he shaped",data/shrines.csv#gorakhnath-goraknath-temple,,,
lineage:guru-hargobind:successor_of:guru-arjan-dev:8c92b7af,lineage,3,Guru Hargobind — successor of — Guru Arjan Dev,,0.95,,,"Sikh tradition records that the Guru's son and successor, Guru Hargobind, raised a memorial platform at the site of the martyrdom",data/shrines.csv#gurdwara-dera-sahib,"The Guruship is the seat; the same entry establishes that ""the Guru"" here is Guru Arjan. Also in familyRelations (son).",,
lineage:guru-ram-das:successor_of:guru-amar-das:0a882b8f,lineage,3,Guru Ram Das — successor of — Guru Amar Das,,0.95,,object,he served with such devotion and humility that he was in time chosen to succeed him. As the fourth Guru he,data/shrines.csv#gurdwara-guru-ram-das-ji,"Object named in the same sentence: ""he came under the influence of Guru Amar Das, the third Guru, whose daughter he married"". Guru Amar Das has no shrine row in this archive, hence a new slug. The entry also records the marriage — see familyRelations.",,
lineage:hazrat-ghulam-muhammad-suhrawardi:disciple_of:baba-jango-pir-shah-suhrawardi:4475e070,lineage,3,Hazrat Ghulam Muhammad Suhrawardi — disciple of — Baba Jango Pir Shah Suhrawardi,,0.95,,subject object,"his master Ghulam Muhammad Suhrawardi once summoned him and said that his own murshid, Baba Jango Pir Shah Suhrawardi, had appeared to him in a dream",data/shrines.csv#shrine-of-abul-faiz-qalander-ali-suharwardi,,,
lineage:hazrat-khawaja-feroz-ud-din-gharib-nawaz-chishti-nizami:disciple_of:hazrat-khawaja-sheikh-muhammad-mustafa-chishti-nizami:ecb51abf,lineage,3,Hazrat Khawaja Feroz-ud-Din Gharib Nawaz Chishti Nizami — disciple of — Hazrat Khawaja Sheikh Muhammad Mustafa Chishti-Nizami,,0.95,,object,At fifteen he pledged allegiance (*baith*) to Hazrat Khawaja Sheikh Muhammad Mustafa Chishti-Nizami,data/shrines.csv#darbar-hazrat-khawaja-feroz-ud-din-gharib-nawaz-chishti-nizami,"Corroborated in the same entry: ""all of his religious learning came from his one spiritual master and guide, Hazrat Khawaja Sheikh Muhammad Mustafa Chishti-Nizami"".",,
lineage:hazrat-khawaja-feroz-ud-din-gharib-nawaz-chishti-nizami:successor_of:hazrat-khawaja-sheikh-muhammad-mustafa-chishti-nizami:e8490519,lineage,3,Hazrat Khawaja Feroz-ud-Din Gharib Nawaz Chishti Nizami — successor of — Hazrat Khawaja Sheikh Muhammad Mustafa Chishti-Nizami,,0.95,,object,"conferred on him the cloak of succession (*khilafat*), and named him his spiritual successor",data/shrines.csv#darbar-hazrat-khawaja-feroz-ud-din-gharib-nawaz-chishti-nizami,,,
lineage:hazrat-tahir-bandagi-qadri:disciple_of:hazrat-shah-sikandar:9281aed6,lineage,3,Hazrat Tahir Bandagi Qadri — disciple of — Hazrat Shah Sikandar,,0.95,,object,"For advanced learning he became a disciple (*mureed*) of Hazrat Shah Sikandar, who is credited with giving him the name ""Tahir Bandagi""",data/shrines.csv#darbar-hazrat-tahir-bandagi-qadri,,,
lineage:hazrat-tahir-bandagi-qadri:disciple_of:mujaddid-alf-sani:4d841703,lineage,3,Hazrat Tahir Bandagi Qadri — disciple of — Hazrat Mujaddid Alf Sani,,0.95,,object,formally became Mujaddid Alf Sani's disciple as well -- later teaching Mujaddid Alf Sani's own children,data/shrines.csv#darbar-hazrat-tahir-bandagi-qadri,"""As well"" — a SECOND master, not a replacement: his edge to Hazrat Shah Sikandar stands. The node is named as the entry names him, by the title Mujaddid Alf Sani, and deliberately not merged with Shaikh Ahmad Sirhindi, whom the Ganj-e-Inayat entry names in full while describing the Mujaddidi branch. They are one man historically; no sentence in this corpus says so, so the archive does not.",,
lineage:jahaniyan-jahangasht:disciple_of:hazrat-bahaal-halim:d8130965,lineage,3,Makhdoom Jahaniyan Jahangasht — disciple of — Hazrat Baha'al-Halim,,0.95,,,"the first is said to have been built for Baha' al-Halim by his pupil, the Suharwardiya Sufi saint Jahaniyan Jahangasht (1307-1383 AD)",entries/web-research-2026-08/tomb-of-bahaal-halim-uch-sharif.md,"Quoted in the research file from the UNESCO tentative-list nomination for the Uch monuments. The published corpus row (tomb-of-bahaal-halim-uch-sharif) says only that the tomb was ""raised in his honour by"" Jahangasht and omits ""his pupil"" — so this relation is currently in the research file but not in the live description. shrine_entries/Bibi Jawindi (Uch Sharif).md separately calls Baha al-Halim ""a teacher of the line"". Connects two shrines in the archive.",,
lineage:khwaja-muhammad-zaman-sultan-al-aulia:disciple_of:khwaja-abul-masakin:727d979f,lineage,3,Khwaja Muhammad Zaman (Sultan al-Aulia) — disciple of — Khwaja Abul Masakin,,0.95,,object,"There he came under the influence of the Sufi master Khwaja Abul Masakin, whose disciple he became",data/shrines.csv#dargah-of-khwaja-muhammad-zaman-luari-sharif,,,
lineage:khwaja-shamsuddin-azeemi:disciple_of:qalandar-baba-auliya:8a6f194c,lineage,3,Khwaja Shamsuddin Azeemi — disciple of — Qalandar Baba Auliya,,0.95,,subject,"which he founded and which was carried on and spread by his foremost disciple, Khwaja Shamsuddin Azeemi",data/shrines.csv#shrine-of-qalandar-baba-auliya,"Reverse-direction phrasing in the source (the disciple is named as the object of ""his""), so the subject here is Azeemi.",,
lineage:makhdoom-abdul-rahim-girhori:disciple_of:khwaja-muhammad-zaman-sultan-al-aulia:a08e4754,lineage,3,Makhdoom Abdul Rahim Girhori — disciple of — Khwaja Muhammad Zaman of Luari Sharif,,0.95,,,He was among the foremost *khalifas* (deputies) of Khwaja Muhammad Zaman of Luari Sharif (also recorded in this dataset),data/shrines.csv#shrine-of-makhdoom-abdul-rahim-girhori,"Independently supported in entries/web-research-2026-08/shrine-of-makhdoom-abdul-rahim-girhori.md: ""he became a disciple of Khwaja Muhammad Zaman (1713-1775 AD) of Luari Sharif, a celebrated Naqshbandi mystic"". Connects two shrines in the archive.",,
lineage:makhdoom-abdul-rahim-girhori:successor_of:khwaja-muhammad-zaman-sultan-al-aulia:aa5610bd,lineage,3,Makhdoom Abdul Rahim Girhori — successor of — Khwaja Muhammad Zaman of Luari Sharif,,0.95,,,He was among the foremost *khalifas* (deputies) of Khwaja Muhammad Zaman of Luari Sharif,data/shrines.csv#shrine-of-makhdoom-abdul-rahim-girhori,"Khalifa/deputy, i.e. holder of khilafat; not stated as sole inheritor of the Luari seat.",,
lineage:miraj-ud-din-gilani-suhrawardi:successor_of:abul-faiz-qalander-ali-suharwardi:2b09cb35,lineage,3,Miraj-ud-Din Gilani Suhrawardi — successor of — Abul Faiz Qalandar Ali Suhrawardi,,0.95,,subject,"the seat (gaddi) passed to his successor Miraj-ud-Din Gilani Suhrawardi, who guided and initiated many disciples",data/shrines.csv#shrine-of-abul-faiz-qalander-ali-suharwardi,,,
lineage:mullah-shah-badakhshi:successor_of:mian-mir:7c60a306,lineage,3,Mullah Shah Badakhshi — successor of — Mian Mir,,0.95,,subject,"His foremost successor was Mullah Shah Badakhshi, who carried on the master’s nightly practice of habs-e-dam",data/shrines.csv#shrine-of-mian-mir,,,
lineage:nizamuddin-auliya:disciple_of:fariduddin-ganjshakar:0345983d,lineage,3,Nizamuddin Auliya — disciple of — Baba Fariduddin Mas'ud Ganjshakar,,0.95,,subject,and the master of the great Nizamuddin Auliya,data/shrines.csv#shrine-of-fariduddin-ganjshakar,"Reverse-direction phrasing: Baba Farid is named as the master, so Nizamuddin Auliya is the subject. Corroborated later in the same entry: ""Through his disciple Nizamuddin Auliya and the generations that followed"".",,
lineage:pir-muhammad-naqib-ur-rahman:successor_of:hazrat-hafiz-muhammad-abdur-rahman:f44cc671,lineage,3,Pir Muhammad Naqib-ur-Rahman — successor of — Hazrat Hafiz Muhammad Abdur Rahman,,0.95,,subject object,"From him the custodianship descended to the present head of the *darbar*, *Pir Muhammad Naqib-ur-Rahman*",data/shrines.csv#eidgah-sharif,"""From him"" is Abdur Rahman, the subject of the sentence before. The entry then calls the whole sequence ""This unbroken chain of father-to-son succession"", which would make this a son_of edge as well — recorded here rather than built, because the sentence that characterises the chain names nobody, and every son_of edge in this archive names its parent outright.",,
lineage:pir-sayyid-badshah:successor_of:khwaja-muhammad-qasim:b25fe7db,lineage,3,Pir Sayyid Badshah — successor of — Khwaja Muhammad Qasim (Zinda Pir),,0.95,,subject,"his spiritual seat passed to his son, Pir Sayyid Badshah",data/shrines.csv#darbar-ghamkol-sharif-zinda-pir,Also in familyRelations (son).,,
lineage:princess-jahanara:disciple_of:mullah-shah-badakhshi:ddcc2007,lineage,3,the princess Jahanara — disciple of — Mullah Shah Badakhshi,,0.95,,subject object,"His sister, the princess Jahanara — Shah Jahan’s best-loved daughter — was herself a disciple of Mullah Shah",data/shrines.csv#shrine-of-mian-mir,,,
lineage:sachal-sarmast:disciple_of:khwaja-abdul-haq:8c96aa81,lineage,3,Sachal Sarmast (Abdul Wahab Faruqi) — disciple of — Khwaja Abdul Haq,,0.95,,object,"he was raised and initiated by his uncle and spiritual guide, Khwaja Abdul Haq",data/shrines.csv#shrine-of-sachal-sarmast,,,
lineage:sahibzada-muhammad-umar-naqshbandi:successor_of:ganj-e-inayat-sarkar:1490f178,lineage,3,Sahibzada Muhammad Umar Naqshbandi — successor of — Ganj-e-Inayat Sarkar,,0.95,,subject,"Sahibzada Muhammad Umar Naqshbandi is today the *sajjada-nashin*, the keeper of the shrine and heir to its spiritual authority.",data/shrines.csv#shrine-of-ganj-e-inayat-sarkar,"The same entry says ""his line continues unbroken under his son and successor"" and describes the succession being transferred openly before a gathering of disciples. Also in familyRelations.",,
lineage:sain-jiwat-singh:successor_of:sain-vali-vilayat-rai:eaae0703,lineage,3,Sain Jiwat Singh — successor of — Sain Vali Vilayat Rai,,0.95,,subject,"Leadership passed after his death to Sain Jiwat Singh, who ran a free dispensary for the poor of Kambar until his own death in 1899",data/shrines.csv#sain-vali-vilayat-rai-darbar-kambar,,,
lineage:shah-abdul-karim-bulri:disciple_of:makhdoom-nooh:ac08740b,lineage,3,Shah Abdul Karim Bulri — disciple of — Makhdoom Nooh,,0.95,,,adds that he was himself a disciple (*murid*) of Makhdoom Nooh of Hala before settling and preaching at Bulri,data/shrines.csv#shrine-of-shah-abdul-karim-bulri,"Attributed in the source to Alam Faqri, *Tazkirah Awliya-e-Pakistan*. Connects two shrines in the archive: shrine-of-shah-abdul-karim-bulri and shrine-of-makhdoom-nooh-hala.",,
lineage:shah-daula-daryai:disciple_of:shah-saidan-sarmast:c0e59180,lineage,3,Hazrat Shah Daula Daryai — disciple of — Shah Saidan Sarmast,,0.95,,object,"he became the disciple of a Suhrawardi *faqir* remembered as Shah Saidan Sarmast, serving at his master's *khanqah* with great devotion",data/shrines.csv#shrine-of-hazrat-shah-daula-daryai,,,
lineage:shah-gohar-peer:disciple_of:syed-ul-hassan-kabeer:302f0b60,lineage,3,"Hazrat Sufi Peer Syed Gohar Ali Shah (Syed Ali Gohar), known as Shah Gohar Peer — disciple of — Syed Ul Hassan Kabeer",,0.95,,subject object,He took the oath of allegiance at his father's hand and began preaching the religion of Islam.,entries/survey_shah_gohar_peer.md,"The father is named earlier in the same survey answer: ""His father's name was Syed Ul Hassan Kabeer. His father was also a pious Sufi and a scholar of Deen (religion)."" Drafted up in entries/entry_shah_gohar_peer.md. This shrine (darbar-hazrat-shah-gohar-peer) is not yet in shrine-corpus.json. Also in familyRelations.",,
lineage:shah-gohar-peer:successor_of:syed-ul-hassan-kabeer:21491b45,lineage,3,"Hazrat Sufi Peer Syed Gohar Ali Shah, known as Shah Gohar Peer — successor of — Syed Ul Hassan Kabeer",,0.95,,subject object,"When his father saw his rising spirituality, he bestowed the mantle of spiritual succession (khilafat) upon him",entries/survey_shah_gohar_peer.md,,,
lineage:shah-hussain:disciple_of:bahlol-daryai:773db3e4,lineage,3,Shah Hussain (Madho Lal Hussain) — disciple of — Bahlol (Bahlol Daryai),,0.95,,object,he is remembered as a disciple of the Sufi master Bahlol (Bahlol Daryai) and as a devoted frequenter of the shrine of Data Ganj Bakhsh,data/shrines.csv#shrine-of-hazrat-madho-lal-hussain-shah-hussain-darbar,"shrine_entries/Madho Lal Hussain.md adds an editorial note: ""His pir is given as Bahlol (Bahlol Daryai) in the Shafqat Tanvir Mirza study; confirm spelling.""",,
lineage:sultan-bahoo:disciple_of:sayyid-abdul-rahman-of-delhi:4d585c02,lineage,3,Sultan Bahu — disciple of — Sayyid Abdul Rahman of Delhi,,0.95,,object,Bahu received initiation in the Qadiri order at the hand of Sayyid Abdul Rahman of Delhi,data/shrines.csv#garh-maharaja-shorkot,,,
lineage:swami-dharmdas:disciple_of:sant-bhai-wasan-shah-of-rohri:eebcfec5,lineage,3,Swami Dharmdas — disciple of — Sant Bhai Wasan Shah of Rohri,,0.95,,object,Swami Dharamdas is remembered as a disciple of Sant Bhai Wasan Shah of Rohri,data/shrines.csv#swami-dharmdas-darbar-larkana-kennedy-market,"The same entry quotes Kalhoro directly: ""Swami Dharamdas was a disciple of Sant Bhai Wasan Shah in Rohri.""",,
lineage:syed-miran-hussain-zanjani:disciple_of:sheikh-abu-al-fazal-khatil:08539513,lineage,3,Syed Miran Hussain Zanjani — disciple of — Sheikh Abu al-Fazal Khatil,,0.95,,object,"on the instruction of his spiritual master, Sheikh Abu al-Fazal Khatil, and is remembered to have preached in the city for some thirty-six years",data/shrines.csv#shrine-of-miran-hussain-zanjani-zanjani-sahib,"See note on the Hujwiri proposal: the same entry reports that Hujwiri called Zanjani his senior ""pir-brother"", which would imply a shared master. Not asserted here.",,
lineage:vishandas:disciple_of:sain-jiwat-singh:9de984f9,lineage,3,Vishandas — disciple of — Sain Jiwat Singh,,0.95,,subject object,"and then to Jiwat Singh's chief disciple, Vishandas",data/shrines.csv#sain-vali-vilayat-rai-darbar-kambar,,,
lineage:vishandas:successor_of:sain-jiwat-singh:453114e0,lineage,3,Vishandas — successor of — Sain Jiwat Singh,,0.95,,subject object,"He was succeeded by his chief disciple Vishandas, who became the caretaker of the darbar.""",entries/web-research-2026-08/sain-vali-vilayat-rai-darbar-kambar.md,"Quoted in the research file from Kalhoro, *The Friday Times*, 13 April 2018; ""He"" is Sain Jiwat Singh, whose death in 1899 is described in the immediately preceding quoted sentence.",,
order:bari-imam:qadiriyya:fb07b834,order,3,Bari Imam — belongs to — qadiriyya,Qadiri,0.95,,,Qadiri,data/shrines.csv#bari-imam,"Prose corroborates, with a mild hedge: ""he took the Sufi path — associated with the Qadiri tradition — and settled at last at the village now called Nurpur Shahan"".",,
order:ganj-e-inayat-sarkar:naqshbandiyya:266e8391,order,3,Ganj e Inayat Sarkar — belongs to — naqshbandiyya (branch: Naqshbandi-Mujaddidi),Naqshbandi-Mujaddidi,0.95,,,"From this master he received his authorisation (khilafat) in the Naqshbandi-Mujaddidi order, becoming a *khalifa-e-mujaz* of Karman Wali Sharif.",data/shrines.csv#shrine-of-ganj-e-inayat-sarkar,"The row also states the branch's own genealogy: ""the branch of the Naqshbandi way renewed by the great reformer Shaikh Ahmad Sirhindi (Mujaddid Alf-e-Sani)"" — i.e. the parent mapping is given in the source, not inferred.",,
order:hazrat-hafiz-muhammad-jamal-multani:chishtiyya:9c52b734,order,3,Hazrat Hafiz Muhammad Jamal Multani — belongs to — chishtiyya,Chishti,0.95,,,marks the resting place of the man traditionally credited with establishing the *Chishti* order firmly in the city,data/shrines.csv#shrine-of-hafiz-muhammad-jamal-multani,,,
order:hazrat-meeran-muhammad-shah-bukhari:suhrawardiyya:6db33fc8,order,3,Hazrat Meeran Muhammad Shah Bukhari — belongs to — suhrawardiyya,Suhrawardi,0.95,,,an adherent of the Suhrawardi silsila founded by Bahauddin Zakariya of Multan,data/shrines.csv#shrine-of-mauj-darya-bukhari,,,
order:hazrat-muhammad-ayub-shah-bukhari:suhrawardiyya:5dabc90f,order,3,Hazrat Muhammad Ayub Shah Bukhari — belongs to — suhrawardiyya,Suhrawardi,0.95,,,Suhrawardi,data/shrines.csv#shrine-of-hazrat-muhammad-ayub-shah-bukhari,"The column is a plain order name for this figure. Note that the prose supports it only at the level of lineage, not personal initiation: ""Its saint bore the *Bukhari* lineage ... whose forebears ... spread the *Suhrawardi* devotional tradition across Sindh and the southern Punjab.""",,
order:khawaja-shah-muhammad-sulaiman-taunsvi:chishtiyya:1e08a557,order,3,Khawaja Shah Muhammad Sulaiman Taunsvi — belongs to — chishtiyya (branch: Chishti-Nizami),Chishti-Nizami,0.95,,,He was initiated in the Chishti-Nizami order and became the spiritual heir of his master Khwaja Nur Muhammad Maharvi’s line,data/shrines.csv#darbar-hazrat-khawaja-shah-muhammad-sulaiman-taunsvi-ra,,,
order:khwaja-muhammad-qasim-sadiq:naqshbandiyya:488fff16,order,3,Khwaja Muhammad Qasim Sadiq — belongs to — naqshbandiyya (branch: Naqshbandi Mujaddidi Qasimiya),Naqshbandi-Mujaddidi,0.95,,,"It is the home of the *Naqshbandi Mujaddidi Qasimiya* order, and takes its name (the ""holy village"") from its sanctity.",data/shrines.csv#mohra-sharif-khanqah,"The prose names a narrower branch than the column's ""Naqshbandi-Mujaddidi"". Both recorded; the Qasimiya layer would be lost if flattened.",,
order:khwaja-muhammad-qasim-sadiq:naqshbandiyya:8797e484,order,3,Khwaja Muhammad Qasim Sadiq — belongs to — naqshbandiyya (branch: Naqshbandi-Mujaddidi),Naqshbandi-Mujaddidi,0.95,,,"The khanqah remains an active centre of Naqshbandi devotion, drawing pilgrims especially at its annual *urs*",data/shrines.csv#mohra-sharif-khanqah,,,
order:khwaja-muhammad-qasim:naqshbandiyya:234e759d,order,3,Khwaja Muhammad Qasim — belongs to — naqshbandiyya (branch: tariqa Naqshbandiyya Ghamkolia),Naqshbandi,0.95,,,"the anthropologist Pnina Werbner, who identifies the tariqa's specific branch name as *tariqa Naqshbandiyya Ghamkolia*",data/shrines.csv#darbar-ghamkol-sharif-zinda-pir,"Separate proposal from the column one because it carries the branch name, which the column does not. Branch name attributed in the corpus to Werbner's fieldwork.",,
order:khwaja-muhammad-qasim:naqshbandiyya:c50f2f5f,order,3,Khwaja Muhammad Qasim — belongs to — naqshbandiyya,Naqshbandi,0.95,,,"It was founded in 1952 by the Naqshbandi master universally known as *Zinda Pir* (1912–1999), who was born in the nearby village of Jungle Khail.",data/shrines.csv#darbar-ghamkol-sharif-zinda-pir,,,
order:khwaja-muhammad-zaman-sultan-al-aulia:naqshbandiyya:eeabd474,order,3,"Khwaja Muhammad Zaman ""Sultan al-Aulia"" — belongs to — naqshbandiyya",Naqshbandi,0.95,,,"the shrine of Khwaja Muhammad Zaman (1713–1775), one of the most revered Naqshbandi Sufis and Sindhi mystic poets of the eighteenth century",data/shrines.csv#dargah-of-khwaja-muhammad-zaman-luari-sharif,,,
order:makhdoom-abdul-rahim-girhori:naqshbandiyya:6508345f,order,3,Makhdoom Abdul Rahim Girhori — belongs to — naqshbandiyya,Naqshbandi,0.95,,,It honours a leading Naqshbandi mystic and scholar of eighteenth-century Sindh (1739–1778) who belonged to the Mangrio tribe,data/shrines.csv#shrine-of-makhdoom-abdul-rahim-girhori,,,
order:makhdoom-nooh:suhrawardiyya:4d2cb4aa,order,3,Makhdoom Nooh — belongs to — suhrawardiyya (branch: Sarwari),Suhrawardi,0.95,,,he is remembered as the founder of the *Sarwari* branch of the order in Sindh,data/shrines.csv#shrine-of-makhdoom-nooh-hala,"IMPORTANT COLLISION: this ""Sarwari"" is a branch of the SUHRAWARDI order in Sindh, founded by Makhdoom Nooh. It is not the same as Sultan Bahu's ""Sarwari Qadiri"" (a branch of the Qadiri order). Two distinct branches share a name; they must not be merged into one node.",,
order:makhdoom-nooh:suhrawardiyya:9b0a5438,order,3,Makhdoom Nooh — belongs to — suhrawardiyya,Suhrawardi,0.95,,,"A Sufi of the *Suhrawardi* order, honoured also with an Uwaisi spiritual lineage, he is remembered as the founder of the *Sarwari* branch of the order in Sindh",data/shrines.csv#shrine-of-makhdoom-nooh-hala,,,
order:mian-muhammad-umar-chamkani:naqshbandiyya:325e100a,order,3,Mian Muhammad Umar Chamkani — belongs to — naqshbandiyya,Naqshbandi,0.95,,,Mian Umar (traditionally 1671-1776) was a Sufi of the Naqshbandi order,data/shrines.csv#shrine-of-mian-umar-baba-chamkani,,,
order:muhammad-shamsuddin-sialvi:chishtiyya:9d4df17e,order,3,Muhammad Shamsuddin Sialvi — belongs to — chishtiyya,Chishti,0.95,,,He was initiated in the Chishti order and became a spiritual heir within the line of Khwaja Sulaiman Taunsvi,data/shrines.csv#sial-sharif,,,
order:pir-abdul-ul-karim:chishtiyya:cc9f293c,order,3,Pir Abdul-ul-karim — belongs to — chishtiyya (branch: Chishti-Nizami),Chishti-Nizami,0.95,,,"He is counted within the Chishti order, the *silsila* most closely identified with Punjabi and Indian Sufism",data/shrines.csv#eidgah-sharif,,,
order:pir-meher-ali-shah:chishtiyya:ee16ce28,order,3,Pir Meher Ali Shah — belongs to — chishtiyya,Chishti,0.95,,,"in the Sufi path he was initiated in the Chishti order, taking spiritual allegiance in the line of Khwaja Shamsuddin Sialvi of Sial Sharif",data/shrines.csv#golra-sharif,,,
order:shah-daula-daryai:suhrawardiyya:c0e59180,order,3,Shah Daula Daryai — belongs to — suhrawardiyya,Suhrawardi,0.95,,,"he became the disciple of a Suhrawardi *faqir* remembered as Shah Saidan Sarmast, serving at his master's *khanqah* with great devotion",data/shrines.csv#shrine-of-hazrat-shah-daula-daryai,,,
order:shah-hussain:null:c0798475,order,3,Shah Hussain — belongs to — null (branch: Malamati),Malamati,0.95,,,"Hussain belonged, in spirit, to the *Malamatiyya* — the Sufis of the “path of blame,” who deliberately drew the censure of respectable society upon themselves",data/shrines.csv#shrine-of-hazrat-madho-lal-hussain-shah-hussain-darbar,"parentOrder null: the Malamatiyya is not a branch of any of the five and the corpus does not place it under one. The overview calls him ""the great Malamati Sufi"" flatly; the History section hedges with ""in spirit"". See newOrdersNeeded.",,
order:shah-inayat-qadiri:qadiriyya:03d6bbff,order,3,Shah Inayat Qadiri — belongs to — qadiriyya (branch: Qadri Shattari),Qadri Shattari,0.95,,,He combined the Qadiri and Shattari silsilas in his own practice and authored several Persian works of mystical philosophy,data/shrines.csv#shrine-of-shah-inayat-qadiri,"multiple=true: the source names two silsilas. Only one of them (Qadiri) exists among the five; Shattari has no node, so parentOrders lists only qadiriyya and the Shattari half is carried by the branch string and newOrdersNeeded. Do not read the single parentOrder as the whole of his affiliation.",,
order:shah-sulaimn-nri:qadiriyya:e789616c,order,3,Shah Sulaimān Nūri — belongs to — qadiriyya,Qadiri,0.95,,,a sixteenth-century Sufi of the *Qadiriyya* order who is remembered locally with the affectionate title *Sakhi Badshah*,data/shrines.csv#purana-bhalwal,,,
order:syed-abdul-razzaq:qadiriyya:ceb4339c,order,3,Syed Abdul Razzaq — belongs to — qadiriyya,Qadiri,0.95,,,"the shrine of Baba Shah Chiragh commemorates Syed Abdul Razzaq, a Sufi of the Qadiri lineage who traced his descent to Sheikh Abdul Qadir Gilani of Baghdad",data/shrines.csv#shrine-of-baba-shah-chiragh,,,
order:syed-musa-pak:qadiriyya:95febb38,order,3,Syed Musa Pak — belongs to — qadiriyya,Qadiri,0.95,,,"Learned and devout, he was a shaykh of the Qadiri order and a guide of many disciples",data/shrines.csv#shrine-of-syed-musa-pak,"The row also uses the compound ""Qadiri-Gilani"" for the family line in Multan (""Through him and his descendants the Qadiri-Gilani presence was firmly established in Multan"").",,