id,Description,qa_note
bhai-waliram-darbar,"## Overview

In Digano Mahesar, a small village in Miro Khan taluka of Qambar–Shahdadkot District in upper Sindh, stands the darbar of Bhai Waliram, a Nanakpanthi sant remembered locally as a contemporary of the better-documented Vali Vilayat Rai of Kambar and Swami Dharmdas of Larkana. As with much of this cluster of small Sindhi Nanakpanthi shrines, next to nothing has been preserved in published sources about Bhai Waliram's own dates, teachings, or the founding of his darbar.

## Present State

The site is recorded chiefly in Zulfiqar Ali Kalhoro's surveys of Sindh's Nanakpanthi saints, which place Bhai Waliram among a wider constellation of nineteenth- and early-twentieth-century Nanakpanthi teachers of the Larkana country, without further biographical detail. Its precise founding date, architecture, and present congregation remain undocumented pending a dedicated local or gazetteer source, and this entry should be read as a provisional, lightly-sourced record rather than an established history.

A 2018 profile of the region's Nanakpanthi saints for *The Friday Times*, drawing on Kalhoro's fieldwork, names Bhai Waliram directly as ""another famous Nanakpanthi saint"" and confirms Digano Mahesar village in Miro Khan taluka as the site of his darbar — though, consistent with the gap already noted above, the article gives no dates, no account of an *urs* or festival, and no description of the building itself.

## Bibliography

- Zulfiqar Ali Kalhoro, published surveys of Nanakpanthi saints and shrines of Sindh.
- Zulfiqar Ali Kalhoro, ""Nanakpanthi Saints of Sindh,"" *The Friday Times*, 13 April 2018.","This addition rests on a single independently-verified source (Zulfiqar Ali Kalhoro, ""Nanakpanthi Saints of Sindh,"" The Friday Times, 13 April 2018) and has not yet been corroborated. That source confirms Bhai Waliram's Nanakpanthi identity and the village/taluka location but does not itself verify the Qambar–Shahdadkot district attribution already carried in this entry's Description."
chandragup-baba-chandragup,"## Overview

Chandragup, a mud volcano rising from the arid coastal hills of Hingol National Park in Lasbela District, is one of the most sacred halting-points on the annual Hinglaj Yatra, the pilgrimage that draws Hindu devotees across the Kirthar and Makran hills to the shrine of Hinglaj Mata. Known devotionally as Baba Chandragup, the cone is venerated as an abode associated with Shiva, and its periodic eruptions of cold, sulphurous mud are read by pilgrims as auspicious signs.

## The Hinglaj Yatra

During the annual four-day Hinglaj Yatra, held each April, pilgrims halt at Chandragup to fast, keep vigil through the night, and make offerings — coconuts, sweets, flags and coins pressed into the soft mud — before resuming their journey onward to the Hinglaj Mata Temple itself, the yatra's principal destination. The mountain's veneration is of unrecorded antiquity, attested only in the living pilgrimage tradition rather than in any dated textual source.

## A Natural Site Within a Devotional Landscape

Unlike most entries in this collection, Chandragup is not a constructed temple but a natural geological feature — one of several mud volcanoes in the Hingol region — whose sanctity derives entirely from its place within the Hinglaj pilgrimage route. It is filed here under ""Hindu Temple"" for consistency with the dataset's schema, though it is best understood as a sacred halting-place rather than a built shrine.

Press accounts of the pilgrimage add further devotional detail: an image of Shiva marks the volcano's flanks, and pilgrims traditionally ask the god's permission there before continuing on to visit Sati at the Hinglaj Mata shrine itself. The climb to the rim is reported as physically demanding — muddy and steep, with heat and dust causing some pilgrims to slip or faint from exhaustion — and coconuts are thrown into the crater as offerings and to make wishes. Reported attendance at the wider Hinglaj festival has varied sharply by year and source, from ""more than 40,000 people"" in 2019 to a reported 200,000 pilgrims across three days in 2025, and the standard academic treatment of the pilgrimage, Jürgen Schaflechner's *Hinglaj Devi: Identity, Change, and Solidification at a Hindu Temple in Pakistan* (Oxford University Press, 2018; Pakistan pbk. 2020), describes Hinglaj as ""the most influential Hindu pilgrimage site in Pakistan,"" of which Chandragup is one station.

## Bibliography

- Wikipedia, ""Chandragup"" and ""Hinglaj Yatra.""
- Published accounts and photo-documentation of the annual Hinglaj pilgrimage.
- Gulnaz Khan (photographs by Matthieu Paley), ""Hindu Pilgrimage in Pakistan,"" *National Geographic*, 10 January 2019.
- Saleem Shahid, ""Thousands attend festival at Hinglaj Mata temple,"" *Dawn*, 5 May 2025.
- Jürgen Schaflechner, *Hinglaj Devi: Identity, Change, and Solidification at a Hindu Temple in Pakistan* (Oxford University Press; Pakistan pbk. 2020).","The research pass surfaced two unresolved conflicts. On the volcano's size: the Express Tribune (2024) gives Chandragup as ""330 feet tall and with a diameter of 49 feet,"" while Dawn (2014) reports the region's mud volcanoes ranging ""between 800 to 1,550 feet"" in height and gives the crater's diameter as ""about 450 feet (137.16 m)"" — figures not reconciled here. On pilgrim numbers: National Geographic (2019) reported ""more than 40,000 people"" at the Hinglaj Yatra, while Dawn (2025) reported ""around 200,000 pilgrims"" over three days — different years and possibly different counting bases, both reported as found rather than resolved. Separately, the epithet ""Baba Chandragup"" used in this entry's title and opening line was not corroborated by any of the established-press or academic sources fetched in this research pass; it was traced only to Wikipedia, which in turn cites a source (Times Now, 2024) below this project's reliability bar, and should be treated as unverified pending a stronger citation."
darbar-ghamkol-sharif-zinda-pir,"Darbar-e-Aliya Naqshbandia Ghamkol Sharif lies in a secluded valley a few miles outside the town of Kohat in Khyber Pakhtunkhwa, and is among the most important centres of the *Naqshbandi* Sufi order in modern Pakistan. It was founded in 1952 by the Naqshbandi master universally known as *Zinda Pir* (1912–1999), who was born in the nearby village of Jungle Khail. He had received spiritual authority (*khilafat*) around 1942 from his own guide, Baba Ji Muhammad Qasim of Mohra Sharif, who directed him to establish an independent centre; obedient to that instruction, Zinda Pir withdrew to the then-barren Ghamkol valley and there built, over the following decades, a great complex of mosque, seminary, and lodgings that grew into a thriving spiritual township. His following spread far beyond Pakistan, and the darbar developed an especially strong connection with the Pakistani community of Birmingham in the United Kingdom, where an associated mosque bears its name. Zinda Pir died on 21 March 1999 and is buried at the darbar, his tomb becoming a place of pilgrimage in its turn; his spiritual seat passed to his son, Pir Sayyid Badshah. Each year vast crowds of devotees gather at Ghamkol Sharif for the commemorative observances, making it one of the great living Sufi centres of the north-west.

Independent scholarly confirmation for the core outline comes from the anthropologist Pnina Werbner, who identifies the tariqa's specific branch name as *tariqa Naqshbandiyya Ghamkolia* and who, by the time of her fieldwork, found Zinda Pir's following grown into ""a vast, transnational regional cult, stretching throughout Pakistan to the Gulf, Britain, Afghanistan and Southern Africa."" She describes the lodge's daily rhythm — ""truckloads of supplicants"" arriving to seek the saint's blessing, swelling to ""a veritable flood"" on Fridays, holidays, and the *urs* — and the centrality of the *langar*, through which visitors are fed rather than asked for payment. Her fuller academic account appears in *Pilgrims of Love: The Anthropology of a Global Sufi Cult* (Hurst, 2004; Indiana University Press ed., 2016), the standard scholarly treatment of the darbar and its founder — though her 2009 conference paper on the subject dates the founding of the cult centre to 1948 rather than the 1952 given above, a discrepancy this entry has not resolved.

## Bibliography

- Pnina Werbner, ""Transnationalism and Regional Cults: The Dialectics of Sufism in the Plurivocal Muslim World"" (conference paper, Keele University, May 2009).
- Pnina Werbner, *Pilgrims of Love: The Anthropology of a Global Sufi Cult* (Hurst, 2004; Indiana University Press ed., 2016).","The research pass surfaced a conflict on this darbar's founding date: this entry's Description states 1952, which matches the affiliated UK mosque and charity's own account (Central Jamia Mosque Ghamkol Sharif, ""Our Roots,"" gsmosque.org: ""The roots of our Charity, go back as far as 1952""), but Pnina Werbner's 2009 academic conference paper instead dates Zinda Pir's seclusion and the founding of the cult centre to 1948 (""He had founded the cult centre in 1948, when he first secluded himself, according to the legend, in a cave on the hill of Ghamkol""). Neither source is reconciled here."
gori-temple-gori-jo-mandar,"The Gori Temple — *Gori jo Mandar*, the ""temple of Gori"" — is a marble *Śvetāmbara Jain* temple standing amid the desert near the village of Gori, between Islamkot and Nagarparkar in Tharparkar District, some fourteen miles north-west of the Viravah ruins. Built in 1375-1376 CE and dedicated to *Parshvanatha*, the twenty-third *Tirthankara* of the Jain faith, it is one of the most important surviving Jain monuments of the subcontinent's north-west. The temple, raised on a high stepped platform and built of marble, measures roughly 125 by 60 feet and is distinguished by its three *mandapas* (halls) and its remarkable array of some fifty-two domes, whose form blends Gujarati temple design with the regional architecture of the age. Its greatest treasure is its painting: the frescoes within the main dome — depicting princely processions, palanquins and coaches, riders, and elegantly robed figures in flowing Rajasthani dress — are reckoned to be the oldest surviving Jain frescoes in the northern regions of the subcontinent, a survival of extraordinary rarity. Long abandoned as a place of worship, the temple stands today as a monument of the once-flourishing Jain and Hindu culture of the Thar. It forms part of the group of Nagarparkar temples inscribed in 2016 on the UNESCO tentative list as the ""Nagarparkar Cultural Landscape,"" and it remains a site of pilgrimage interest for Jains and Hindus and of growing concern for heritage conservation.

A heritage-preservation survey by the Endowment Fund Trust for the Heritage of Sindh records the temple's main structure as built of a Jodhpuri stone ""much like marble,"" and notes that its last major repairs are recorded to have been carried out in 1715, attributing the damage the temple has suffered over the centuries to Sindhi troops, fire, and gunpowder rather than to the earthquake and British demolition reported elsewhere. Press coverage in 2016 has independently repeated the temple's dedication to Parshvanath and dated its construction only to ""around the 16th century"" — a looser dating than the 1375-1376 CE given above, which this entry has not reconciled with the more specific figure. The site was already known to colonial-era archaeology: Henry Cousens' 1929 survey of Sindh's antiquities indexes ""Gori"" among its subjects, though its descriptive passage on the temple itself was not retrieved in this research pass.

## Bibliography

- ""Gori Temple,"" Heritage of Sindh (Endowment Fund Trust for Preservation of the Heritage of Sindh), https://heritage.eftsindh.com/districts/tharparkar/gori-temple.php.
- Ema Anis, ""Secrets of Thar: A Jain temple, a mosque and a 'magical' well,"" *Dawn*, 19 February 2016.
- Henry Cousens, *The Antiquities of Sind, with Historical Outline* (Calcutta: Government of India Central Publication Branch, 1929).","This addition's verdict is PARTIAL: only two independent sources were verified in this research pass, and this entry's own pre-existing founding date of 1375-1376 CE is not among the facts corroborated here. The research pass surfaced two further unresolved conflicts. On the founding date: no source fetched in this pass supports 1375-1376 CE specifically; the Endowment Fund Trust for the Heritage of Sindh gives no date at all, and Dawn (2016) gives only ""around the 16th century""; Wikipedia's own article on the temple (used only as an uncited pointer, not verified here) separately carries a legend of construction in 300 CE and itself flags the 1375-1376 CE figure as needing a citation. On the cause of historical damage: the Endowment Fund Trust attributes it to ""Sindhi troops,"" fire, and gunpowder, with repairs recorded in 1715, while Dawn (2016) instead attributes wall destruction to an earthquake and to demolition by the British. Neither conflict is resolved here."
gurdwara-baoli-sahib-guru-arjan-dev-ji-lahore,"Gurdwara Baoli Sahib stands in the crowded Dabbi Bazaar at the very heart of the walled city of Lahore, where its precinct once adjoined the Loha, Kesera and Guru bazaars. It commemorates a visit of *Guru Arjan Dev*, the fifth Sikh Guru, to Lahore in 1599. In the tradition preserved by the community, a devotee named *Bhai Chhajju Bhagat*, together with a Pathan merchant, laid a purse of gold *mohars* at the Guru's feet and asked that it be spent for religious purposes; the Guru had a *baoli* — a roofed stepwell — sunk at this spot to provide water for the people of the quarter. The stepwell later suffered in the turbulence of the eighteenth century: it is said to have been filled in and built over during the governorship of Nawab Yahya Khan, at the instigation of Diwan Jaspat Rai. It was rediscovered and restored during the reign of *Maharaja Ranjit Singh*, who in 1834 had a new building raised and a *sarovar* (sacred tank) dug, and the gurdwara passed under the management of the Shiromani Gurdwara Parbandhak Committee in 1927. Today the site is also known as Baoli Bagh, its surroundings laid out as a garden. As a shrine tied to Guru Arjan — the compiler of the *Adi Granth* and the first martyr of the Sikh faith, whose principal Lahore memorial is the Gurdwara Dera Sahib by the Fort — Baoli Sahib is a significant station on the map of Sikh Lahore.

Independent verification substantially corroborates and enriches this account. Iqbal Qaiser's 1998 survey of Sikh shrines gives the same origin story and specifies that the dispute was resolved before the Guru in Samvat 1616, while Majid Sheikh's reporting for *Dawn* fixes the disputed purse at ""282 gold mohars"" and adds that Maharaja Ranjit Singh's 1834 restoration followed his own recovery from illness after his astrologers advised him to bathe in the baoli's water — corroborated independently by the Department of Archaeology's own 1962 memoir, which further records a mosque as having stood on the site between the Sikh gurus' era and Ranjit Singh's reign, a detail found in neither Qaiser's account nor this entry's own Nawab Yahya Khan narrative, and not reconciled with either here. Sheikh's reporting also adds that it was at Gurdwara Baoli Sahib, not elsewhere in Dabbi Bazaar, that the original Adi Granth manuscript (the Kartarpur *pothi*) was kept in the custody of the Sodhi family, carried in grand procession to the Lahore Fort under Ranjit Singh's patronage, and restored to the Sodhi family after the British annexation of 1849. By 2015 the baoli itself had been reduced to ""a mere small opening in an open space,"" with only a few traditional healers still drawing water from it as the water table fell, and by 2018 the same reporter separately flagged the demolition of the gurdwara structure itself as an unaddressed grievance.

## Bibliography

- Iqbal Qaiser, *Historical Sikh Shrines in Pakistan* (Lahore: Punjabi History Board, 1998), p. 218.
- Majid Sheikh, ""Harking back: The magical baolis of Arjan and Dina Nath,"" *Dawn*, 1 February 2015.
- Majid Sheikh, ""Harking back: The connection of Dabbi Bazaar to Kartarpur 'pothi',"" *Dawn*, 30 September 2018.
- Khan Mohammad Waliullah Khan, *Sikh Shrines in West Pakistan*, Memoir of the Department of Archaeology in Pakistan No. 3 (Karachi: Department of Archaeology, Government of Pakistan, 1962), entry 3, Plate No. 32.","The research pass surfaced three unresolved conflicts. (1) On who filled in the baoli and what stood on the site afterward: Iqbal Qaiser's 1998 survey gives only dates (built Samvat 1616, filled Samvat 1685, restored under Ranjit Singh in Samvat 1891) with no mention of a mosque, while the Department of Archaeology's 1962 memoir states that after the time of Guru Har Gobind the baoli was filled up, the langar khana closed, and a mosque built on the site, which Ranjit Singh had pulled down in 1834 to re-open the baoli. Neither source corroborates this entry's own existing account of the fill-in occurring under Nawab Yahya Khan's governorship at Diwan Jaspat Rai's instigation, which remains outside what this research pass verified. (2) On the construction date: Qaiser (via the source he cites, ""Tawarikh-e-Guru Khalsa"") dates construction to Samvat 1616, while Dawn's 2015 and 2018 reporting gives a flat ""1599 AD"" with no source cited in the fetched text — roughly consistent by standard calendar conversion, but framed differently by the two sources. (3) On the site's current physical state: Qaiser (1998, pre-dating the Dawn reporting) already describes it reduced to a small garden with shops; Dawn (2015) describes ""a mere small opening in an open space"" with residual well access; Dawn (2018) separately flags ""the knocking down of the Gurdwara at Baoli Sahib"" as an unaddressed grievance, implying a further demolition beyond the baoli itself. None of these three conflicts is resolved here."
gurdwara-chakki-sahib,"Gurdwara Chakki Sahib stands within the old town of Eminabad in Gujranwala District — the settlement known in Guru Nanak's day as Saidpur — and marks the place where a great millstone (*chakki*) associated with the Guru was kept. It commemorates one of the most dramatic episodes of Guru Nanak's life: his imprisonment during the invasion of the Punjab by the Mughal *Babur*, traditionally dated to around 1520-21, when Eminabad was sacked and its people carried off. According to Sikh tradition the captives, Guru Nanak among them, were set to grinding corn with hand-mills to feed the conquering army; and it is remembered that the Guru's millstone turned of its own accord while he, pouring in the grain, sang the praises of the One God — the hymns lamenting the horrors visited upon the land that are preserved in Sikh scripture as the *Babar-vani*, the ""utterances concerning Babur."" The marvel is said to have astonished his guards and, when reported to Babur, to have brought the emperor himself to the Guru; moved by his words, Babur is remembered to have sought his blessing and, at the Guru's urging, to have freed many prisoners. The present shrine, a simple flat-roofed building within a brick-paved compound, preserves the memory of the millstone and of the Guru's witness against the cruelty of war. Since Partition it has stood without a resident congregation, cared for as part of Pakistan's Sikh heritage and visited by pilgrims on the great anniversaries, often together with the neighbouring Eminabad shrines of Rori Sahib and Bhai Lalo's well.

Iqbal Qaiser's 1998 survey records that fourteen *ghumaon* of land remain attached to the shrine, that two rooms surviving from Babur's own period still stand within it, and that a fair is held here at Visakhi, with the *Nishan Sahib* flying in the courtyard; the Encyclopaedia of Sikhism further notes that the shrine was administered by the Shiromani Gurdwara Parbandhak Committee from 28 February 1922 until 1947, and that a hymn of Guru Nanak's preserved in the Guru Granth Sahib is read as evidence that he was himself present at Eminabad when Babur sacked it. Visiting in 2017, the journalist Haroon Khalid found the gurdwara's wooden door locked, the building identified only by a small plaque reading “Gurudwara Chakki Sahib, Eimanabad.”

## Bibliography
- Khan Mohammad Waliullah Khan, *Sikh Shrines in West Pakistan*, Memoir of the Department of Archaeology in Pakistan No. 3 (Department of Archaeology, Government of Pakistan, 1962), entry 2, Gujranwala District.
- Iqbal Qaiser, *Historical Sikh Shrines in Pakistan* (Punjabi History Board, 1998), p. 56.
- ""Eminabad,"" in *The Encyclopaedia of Sikhism*, Vol. II: E–L, ed. Harbans Singh, 3rd ed. (Punjabi University, Patiala, 2011).
- Haroon Khalid, ""A visit to Gujranwala's Eimanabad throws new light on Babur's legacy,"" *Dawn*, 4 January 2017.","Sources disagree on the date of Babur's sack of Saidpur/Eminabad: Iqbal Qaiser, *Historical Sikh Shrines in Pakistan* (1998), p. 56, dates the capture to “Samvat 1578” without a Gregorian conversion, while the Encyclopaedia of Sikhism's entry on Eminabad states the town “was sacked by Babar in 1521.” The sources also frame Guru Nanak's release slightly differently — the 1962 Department of Archaeology memoir has Babur personally holding a discourse with the Guru before freeing all of Saidpur's captives, while Qaiser's account emphasises the officials reporting the miracle up the chain. Neither discrepancy is resolved here."
gurdwara-chhevin-patshahi-chitti-gatti,"Gurdwara Chhevin Patshahi stands in the small village of Chitti Gatti, in a garden by the roadside about eight kilometres from Mansehra in the Hazara hills of Khyber Pakhtunkhwa. Its name — Chhevin Patshahi, the ""Sixth Sovereignty"" — commemorates Guru Hargobind, the sixth Guru of the Sikhs (Guru from 1606 to 1644), who by tradition is said to have visited the site during his travels through the region. The gurdwara is a handsomely built, domed structure, and it is remembered above all for an unusual arrangement of shared sacred use: a stone Shiv Ling was worshipped on the upper floor of the building while the prakash of the Guru Granth Sahib was installed on the floor below, with Hindu priests officiating — an arrangement that reflects the closely intertwined Hindu and Sikh devotion of the frontier, where the Guru was honoured by Hindus and Sikhs alike. A fair was traditionally held here at Vaisakhi, enthusiastically attended by the communities of the surrounding hills. The building stands beside the Shiv Mandir of Chitti Gatti (recorded separately in this dataset), the two shrines together forming a single sacred spot. Following the Partition of 1947 the Sikh and Hindu populations of the area departed and regular worship ceased, though the structure survives as a monument to the region's plural religious past.

This account rests on Iqbal Qaiser's 1998 survey, which describes the gurdwara as “beautifully constructed,” with a stone Shiv Ling still in place on the upper floor where it once shared devotion with the Guru Granth Sahib below; the site is also entered in the Department of Archaeology's 1962 register of Sikh shrines in West Pakistan as a “Gurdwara Chitti Chatti” in Hazara district near Mansehra, illustrated there by a photograph captioned “Gurdwara at Mansehra.”

## Bibliography
- Iqbal Qaiser, *Historical Sikh Shrines in Pakistan* (Punjabi History Board, 1998), p. 228.
- Khan Mohammad Waliullah Khan, *Sikh Shrines in West Pakistan*, Memoir of the Department of Archaeology in Pakistan No. 3 (Department of Archaeology, Government of Pakistan, 1962), Appendix 2, ""List of the Shrines.""","coordinates are adjacent to the Shiv Mandir Chiti Ghati (row 69) and are approximate; the two sites are co-located at Chitti Gatti. Distinct from the Gurdwara Chhevin Patshahi at Hadiara in Lahore district.

This addition rests primarily on a single independently-verified source (Iqbal Qaiser, 1998) for its descriptive detail; the only other citable source found, the 1962 Department of Archaeology register, merely lists and locates the site without independently corroborating the description, so this has not yet been corroborated by a second full account. Note also: press coverage of a 2021 restoration of “a Sikh gurdwara in Mansehra district” (Tribune India, 10 July 2021) concerns a different, unrelated site — Sri Guru Singh Sabha, founded in 1905 — and must not be confused with this Guru-Hargobind-era shrine at Chitti Gatti."
gurdwara-chhevin-patshahi-jhalian-jhalian-dhilwan,"Gurdwara Chhevin Patshahi at Jhalian — a village of the Lahore District lying in the former Barki (Burki) police-station area, some five kilometres east of Barki town and close to the Lahore–India borderland — commemorates a visit by Guru Hargobind, the sixth Guru (*Chhevin Patshahi*). The settlement is paired with the neighbouring village of Dhilwan, the two together being known as *Jhalian Dhilwan*. By Sikh tradition the Guru halted here and blessed the local *sangat*, and it was from this place, the accounts hold, that he afterwards travelled the short distance to Hadiara, where another gurdwara of the sixth Guru still stands (a separate entry in this dataset). The shrine at Jhalian is remembered as a modest but dignified building raised over the spot said to have been ""touched by the feet"" of Guru Hargobind: constructed in the manner of a colonial-era bungalow, with a verandah across the front and two rooms behind, and endowed by the villagers with some eight *ghumaon* of land for its upkeep. Like the great majority of gurdwaras on the Pakistani side of the 1947 border, it was maintained by the local Sikh community until Partition, after which the congregation departed and the building passed out of regular worship — such border-village shrines being frequently left empty or turned to other uses thereafter. Its history survives chiefly in Sikh pilgrimage literature and gazetteers rather than in independent record, and its present condition is not well documented. It should not be confused with the other shrines of the sixth Guru in the Lahore region — among them the *Chhevin Patshahi* gurdwaras at Mozang and inside Bhati Gate within Lahore city, and the one at Chitti Gatti near Mansehra recorded elsewhere in this dataset — each marking a different halt in Guru Hargobind's travels.

Iqbal Qaiser's 1998 survey adds that a refugee family from Ambala had settled in the Jhalian building, and that at Dhilwan a *Manji Sahib* — the seat marking where Guru Hargobind himself sat, reached from Jhalian after he had visited many other villages — stood east of the village, its former place of *prakash* now adjoined by a primary school. Independent record of the Guru's route between the two villages appears in the Department of Archaeology's 1962 survey of Sikh shrines in West Pakistan, which lists a “Gurdwara at Dhisalwan, Police Station Barki” under a variant spelling of Dhilwan.

## Bibliography
- Iqbal Qaiser, *Historical Sikh Shrines in Pakistan* (Punjabi History Board, 1998), pp. 276, 278.
- Khan Mohammad Waliullah Khan, *Sikh Shrines in West Pakistan*, Memoir of the Department of Archaeology in Pakistan No. 3 (Department of Archaeology, Government of Pakistan, 1962), entry 6, Lahore District.",
gurdwara-choa-sahib,"Gurdwara Choa Sahib — its name meaning the ""gurdwara of the exalted spring"" — stands at the northern edge of the great sixteenth-century *Rohtas Fort*, a UNESCO World Heritage Site near Jhelum, close to the fort's Talaqi gate. It commemorates a tradition of *Guru Nanak* (1469–1539): Sikhs hold that the Guru, travelling with his companion *Bhai Mardana* during the fourth of his great journeys (*udasis*) and having spent forty days at the nearby *Tilla Jogian*, came to this waterless tract in the heat of summer. When Bhai Mardana lamented his thirst, the Guru is said to have struck the ground with his staff and moved a stone, causing a natural spring to well up — the *choa* that gives the shrine its name. A further Sikh legend relates that Sher Shah Suri, builder of Rohtas Fort, thrice attempted to divert the spring uphill to supply his stronghold, and thrice his engineers failed. The first commemorative structure, with a *sarovar* (sacred tank) and a place for the recitation of the *Guru Granth Sahib*, is attributed to Charat Singh; the present building dates from 1834 and was commissioned by *Maharaja Ranjit Singh*. Long neglected after the Partition of 1947, the gurdwara was reopened to pilgrims around the time of Guru Nanak's 550th birth anniversary in 2019, and from 2020 a diaspora Sikh organisation undertook its rehabilitation and restoration.

Iqbal Qaiser's 1998 survey adds that Maharaja Ranjit Singh endowed the shrine with twenty-seven *ghumaon* of land and Rs 260, and that a fair was held here on the fifteenth of *Kattak Suddi*. In January 2019 a delegation of the Walled City of Lahore Authority, led by Director General Kamran Lashari, inspected the gurdwara together with the nearby Janam Asthan Mata Sahib Kaur and directed the local administration to restore both sites; that August, seventy-two years after Partition, the Evacuee Trust Property Board formally reopened Gurdwara Choa Sahib for worship, its chairman Dr Aamer Ahmed presiding over a ceremony open to Sikh pilgrims “whether they come from India or any other part of the world.”

## Bibliography
- Iqbal Qaiser, *Historical Sikh Shrines in Pakistan* (Punjabi History Board, 1998), p. 178.
- ""WCLA to help restore Sikh sites in Jhelum,"" *Dawn*, 2 January 2019.
- ""72 years after Partition, Pak opens Gurdwara Choa Sahib for Sikh devotees,"" *The Tribune* (Chandigarh), 2 August 2019.
- ""A Complete Tour Guide To Ghurdwara Choa Sahib, Pakistan,"" Ministry of Religious Affairs and Interfaith Harmony, Government of Pakistan (text closely mirrors the English Wikipedia article ""Gurdwara Chowa Sahib"").","Sources disagree on which gate of Rohtas Fort the gurdwara stands near: Iqbal Qaiser, *Historical Sikh Shrines in Pakistan* (1998), p. 178, places it “outside Kabuli Darwaza (gate),” while the Ministry of Religious Affairs and Interfaith Harmony's page (whose wording closely mirrors the English Wikipedia article and should be read as corroboration of the standard account rather than independent research) places it “near the fort's Talaqi gate” — the gate named in this entry's Description above. The two are not reconciled here."
gurdwara-khoohi-bhai-lalo-bhai-lalo-di-khooi,"Gurdwara Khoohi Bhai Lalo, in the old town of Eminabad, marks the home and the narrow well (*khooi*) of *Bhai Lalo*, the honest carpenter with whom *Guru Nanak Dev Ji* lodged when he came to the town in the early sixteenth century. Bhai Lalo, traditionally said to have been born at Saidpur (Eminabad) in 1452 into a family of carpenters, became one of the most beloved of the Guru's early companions, and his house grew into a *dharamsala*, a gathering-place for the local followers of Guru Nanak. The site is inseparable from one of the most famous of all the *sakhis*: the story of *Malik Bhago*, a wealthy official of Eminabad who held a great feast and was affronted when the Guru chose the plain fare of the labouring carpenter over his own rich table. Summoned to explain himself, Guru Nanak is remembered to have taken Bhai Lalo's coarse bread in one hand and Malik Bhago's fine bread in the other and pressed them: from the honest man's bread there flowed milk, and from the oppressor's, blood — a sign, the Guru explained, that Lalo's food was earned by the sweat of honest toil, while Bhago's was wrung from the exploitation of the poor. The parable of the milk and the blood has ever since stood at the heart of the Sikh ethic of *kirat karni*, of earning one's bread by honest labour and sharing it with others. The gurdwara, named for the well that still survives, preserves this memory; since Partition it has been maintained as part of Pakistan's Sikh heritage and visited by pilgrims, usually in the same round as the nearby Chakki Sahib and Rori Sahib shrines.

Iqbal Qaiser's 1998 survey identifies Bhai Lalo as “a carpenter of *Getaura* caste” whose house, once Guru Nanak had lodged there, was made into a gurdwara remembered as Bhai Lalu Di Khoi, the well from which the Guru had drunk still preserved within it. The same source records that a refugee family occupied the building after 1947 until 1989, when Sardar Surjit Singh Panesar purchased and restored it with funds raised by the Sangat abroad, at which time the well was covered over with a platform.

## Bibliography
- Iqbal Qaiser, *Historical Sikh Shrines in Pakistan* (Punjabi History Board, 1998), pp. 58-60.
- District Gujranwala, Government of Punjab, ""Important Places,"" official district website, accessed 16 August 2026.","The official Gujranwala district government's “Important Places” page attributes Eminabad's Bhai-Lalo tradition to a differently-named neighbouring shrine, Gurdwara Rori Sahib, rather than to Khoohi Bhai Lalo specifically; Iqbal Qaiser's 1998 survey treats the two as separate structures, and this entry does not resolve which gurdwara the tradition most properly belongs to. The slug's spelling “Khooi” also differs from Qaiser's “Khoi” and the more common web rendering “Khuhi” — attested alternate transliterations of the same Punjabi word for “well,” not necessarily different places. This addition rests on a single independently-verified source (Qaiser 1998) for its descriptive and restoration detail and has not yet been corroborated by a second independent account specific to this site."
gurdwara-patshahi-chhevin-hadiara-lahore,"Gurdwara Patshahi Chhevin at Hadiara, a village of the Lahore District lying off the Lahore–Ghawindi (formerly Lahore–Patti) road near the Bambawali–Ravi–Bedian (BRB) canal, commemorates a visit by Guru Hargobind, the sixth Guru (*Chhevin Patshahi*). By tradition the Guru — *Miri–Piri da Malik*, ""master of the temporal and the spiritual"" — came to Hadiara with a body of Sikhs around 1620 and stayed overnight to bless the local *sangat*. Before Partition the gurdwara held a large annual fair at *Maghi*, and in the days of the Sikh Empire it is said to have been endowed with some hundred acres of land; it was administered by the Shiromani Gurdwara Parbandhak Committee until 1947. After Partition the shrine fell empty and was for a time occupied by refugees; during the 1965 war soldiers of the Indian Army's Sikh Regiment, reaching the border village, are reported to have repaired its shell-damaged dome and raised a *Nishan Sahib* upon it. The building, the tallest in Hadiara, survives with notable interior murals depicting episodes of Sikh history, including the Battle of Kartarpur of 1635. It should not be confused with the Gurdwara Chhevin Patshahi at Chitti Gatti near Mansehra (a separate entry in this dataset), which commemorates the same Guru at a different place. This account is corroborated by Iqbal Qaiser's on-the-ground survey of Sikh shrines in Pakistan, which independently confirms Guru Hargobind's visit ""in recognition of the affection of the Sikh Sangat,"" describes the gurdwara as ""the tallest building of the village,"" and records that by the time of his survey it was occupied specifically by refugees from Amritsar.

## Bibliography
- Iqbal Qaiser, *Historical Sikh Shrines in Pakistan* (Lahore: Punjabi History Board, 1998), p. 283–284.","Non-conflation warning: widely-reported press coverage of a Lahore-district gurdwara ""reopened after 79 years"" in July 2026 (Tribune India, 11 July 2026, ""Historic gurdwara linked to Guru Hargobind reopens in Lahore after 79 years"") concerns a different site — Gurdwara Patshahi Chhevin at Amar Sidhu, on the Lahore–Kasur road, rebuilt in 1923 through the efforts of Bhai Mohan Singh Akali (Nihang) — not this Hadiara gurdwara. Iqbal Qaiser's *Historical Sikh Shrines in Pakistan* (1998) lists Amar Sadhu/Amar Sidhu as a distinct entry immediately following its Hadiara entry, and the Wikipedia article specific to this Hadiara gurdwara (matching the sheet's coordinates) makes no mention of any 2026 reopening. This addition rests on a single independently-verified source (Qaiser) and has not yet been corroborated by a second source."
gurdwara-pehli-patshahi-jind-pir-sukkur,"Gurdwara Pehli Patshahi, popularly called Jind Pir, stands on the Sukkur side of the great bridge that carries the Lahore–Karachi railway across the Indus between Sukkur and Rohri. By tradition it marks a spot graced by Guru Nanak, the first Guru (*Pehli Patshahi*), during his third journey (*udasi*) through Sindh; it was from here, the tradition holds, that he crossed to the river islet later famous as Sadh Belo (a separate entry in this dataset). Its first custodian is said to have been an Udasi *sadhu* of the Jhulelal devotion, and the shrine passed into the keeping of the Nanakpanthi community of Sindh — Hindus and Sikhs together — who honour Guru Nanak without a firm confessional boundary. Within, the *Guru Granth Sahib* is installed and its *prakash* performed, while images are also venerated, and a lamp said to have been kindled by the Guru himself is kept burning day and night, before which pilgrims bow. The gurdwara is thus a characteristic monument of Sindh's syncretic Nanakpanthi tradition, distinct both from the island temple of Sadh Belo and from the other Sikh sites of the Sukkur–Rohri conurbation. Much of its detailed history survives only in oral and community tradition. Independent, gazetteer-derived scholarship attests that the name ""Zinda Pir"" (or ""Jinda Pir"") also belongs to an older riverine shrine at Sukkur, at which Hindus and Muslims worshipped jointly until the late nineteenth century, when — per the 1919 Gazetteer of Sindh — the Hindu congregation ""abandoned their claim and set up a shrine of their own to Jinda Pir on the Sukkur bank""; whether that shrine and this Sikh gurdwara are the same structure, two structures sharing one name, or otherwise related is not established by any source consulted, and neither account confirms the other.

## Bibliography
- Iqbal Qaiser, *Historical Sikh Shrines in Pakistan* (Lahore: Punjabi History Board, 1998), p. 120.
- Alice Albinia, ""Life Around The Indus: Tracing River Worship In Sindh,"" *Outlook Traveller*, 30 September 2014.","Open question, not resolved: Iqbal Qaiser's *Historical Sikh Shrines in Pakistan* places this gurdwara (""Gurdwara Pehli Patshahi, Jind Pir"") on the Sukkur side of the bridge, in Nanakpanthi Hindu keeping. Alice Albinia's account (via the 1874 and 1919 Gazetteers of Sindh, in *Outlook Traveller*, 2014) independently describes a similarly-named ""Zinda Pir""/""Jinda Pir"" shrine on an Indus islet at Sukkur, historically shared by Hindus and Muslims, with the Hindu congregation later founding a shrine of their own on the Sukkur bank — geographically consistent with where Qaiser places the gurdwara, but Albinia's account makes no mention of Sikhs, Guru Nanak, or a gurdwara at all. Whether the two sources describe the same physical site is unresolved and reported here rather than decided. This addition rests on a single independently-verified source for the gurdwara itself (Qaiser) and has not yet been corroborated by a second source that confirms the Sikh gurdwara specifically."
gurdwara-sahib-saidpur-guru-nanak-dev-ji,"The Sikh gurdwara at Saidpur Village stands at the foot of the Margalla Hills on the northern edge of Islamabad, within the historic multi-faith village that also preserves a Hindu temple complex (the Ram Kund mandirs). Saidpur is an old settlement — traditionally traced to the early sixteenth century and named after Sultan Said Khan, a chief of the Pothohar region — that served in Mughal times as a garden resort watered by its perennial springs, and that long sheltered a mingled population of Hindus, Sikhs, and Muslims. The gurdwara was built by the Sikh community in the early twentieth century and is remembered as having housed a school dedicated to the teachings of Guru Nanak, the founder of the Sikh faith. It remained active until the Partition of 1947, after which, the Sikh congregation having departed, the building was repurposed — for a time as a girls' school — before being closed in the mid-2000s when Saidpur was developed as a cultural-heritage and tourist village by the Capital Development Authority. Standing beside the temples and close to an old mosque, the disused gurdwara is today valued chiefly as a monument to the religious plurality of pre-Partition Saidpur, a small but eloquent survival of the shared life of the Pothohar. This is the Saidpur Village of Islamabad's Margalla Hills — confirmed against the sheet's coordinates, which match this dataset's separate Ram Mandir, Saidpur entry — and is not to be confused with the historical Saidpur that is an alternate name for Eminabad in Gujranwala District, a distinct place described in other Sikh-shrine literature. Press coverage describes the gurdwara's construction only as ""probably"" twentieth-century, without a firmer date, and notes its bright yellow domes standing beside the temple complex, with the attached schoolroom serving as a base for teaching the philosophy of Guru Nanak.

## Bibliography
- The Express Tribune (APP), ""Antiquity of Saidpur Village lures tourists,"" 28 December 2020.
- Aamir Saeed, ""In Pakistani capital, a centuries-old temple where Hindus are not allowed to pray,"" Arab News PK, 7 July 2020 (updated 8 July 2020).","Neither of the two independent press sources verified for this entry — The Express Tribune (2020) and Arab News PK (2020) — ties Guru Nanak personally to this gurdwara; both describe it only as built ""probably"" in the twentieth century by the Sikh community, with an attached school dedicated to Guru Nanak's teachings, and neither gives a specific founding year or builder. The dedication implied by this entry's name (""Guru Nanak Dev Ji"") is therefore reported as unsubstantiated by the sources found, not resolved. This addition also confirms the entry's location as Saidpur Village, Islamabad (33.7425, 73.0671) — the same coordinates as this dataset's Ram Mandir, Saidpur entry — and not the historical Saidpur that is an alternate name for Eminabad, Gujranwala District, referenced in Sikh-shrine literature such as Iqbal Qaiser's survey; the two should not be conflated. This entry's verdict is PARTIAL: while the two press sources corroborate each other on the gurdwara's existence and rough dating, they leave the Guru Nanak connection and the precise founding date unverified."
gurdwara-sri-tilganji-sahib,"Gurdwara Sri Tilganji Sahib stands on Masjid Road in the heart of Quetta, the capital of Balochistan. By Sikh tradition the site marks a visit by Guru Nanak, the first Guru, during one of his great journeys, or udasis: it is said that the Guru honoured the assembled sangat by distributing til — sesame seeds — as parshad, the sanctified offering, and that from this the shrine took its name, Tilganji deriving from til (sesame) and ganj (treasury or store). The gurdwara is a substantial domed building whose main gateway is said to resemble that of a mosque; within its precincts, in a pattern common to many gurdwaras in Pakistan after 1947, a government school — the Government Sandeman School — has long functioned, occupying land belonging to the shrine. Quetta was almost entirely destroyed in the catastrophic earthquake of 1935, so that the present fabric of the building, like much of the city, is unlikely to be of great antiquity, even if the sanctity of the site is older. The gurdwara is one of the principal Sikh shrines of the city and is to be distinguished from the Gurdwara Singh Sabha of Quetta, recorded separately in this dataset. Iqbal Qaiser's 1998 survey of Sikh shrines in Pakistan records that, in addition to the Sandeman School already functioning within the shrine's precincts, a new government school building had by then been constructed on vacant land belonging to the gurdwara, and that the Sangat of Quetta had filed suit in the lower courts seeking to recover possession of the property.

## Bibliography
- Iqbal Qaiser, *Historical Sikh Shrines in Pakistan* (Lahore: Punjabi History Board, 1998), p. 134.","coordinates approximate (central Quetta, Masjid Road area); distinct from row 88 Gurdwara Singh Sabha. Founding predates the 1935 earthquake; structural age hedged accordingly.

This addition rests on a single independently-verified source (Iqbal Qaiser's 1998 survey) and has not yet been corroborated by a second independent source; no other citable account of the Sandeman School dispute or the gurdwara's legal status was located in this research pass. The source consulted here neither confirms nor contradicts the sheet's year_built/year_built_note (circa 1940, rebuilt after the 1935 Quetta earthquake), which remains unverified against the record found."
jain-mandir-lahore,"On Lytton Road in Old Anarkali, directly opposite the Anarkali station of the Orange Line Metro Train, stands the Jain Mandir, one of the last physical reminders of Lahore's once-substantial Jain community. Built around 1940 to serve the city's Bhabra Jain merchant families — Punjab having historically been home to a significant Jain trading population — the temple follows a shikhara-style form typical of North Indian Jain architecture and was dedicated to the veneration of the Tirthankaras, the enlightened teacher-figures central to Jain belief and practice. Like much of Lahore's pre-Partition religious minority heritage, the temple fell into disuse after 1947, when the great majority of the city's Jain and Hindu population departed for India. Its most severe blow came in 1992, when it was heavily vandalised in retaliation for the demolition of the Babri Masjid in Ayodhya, India, leaving the building damaged and effectively abandoned for three decades. The turning point came in December 2021, when Pakistan's Supreme Court ordered its restoration, leading to an eight-month conservation effort. The temple reopened in June 2022, allowing religious use to resume after a hiatus of roughly thirty years — an unusual and widely reported instance in Pakistan of an active return to worship, rather than mere heritage preservation, at a minority religious site. Though Jainism has only a residual presence in contemporary Pakistan, the temple's revival has been framed in Pakistani and international press as a significant, if modest, gesture of religious pluralism, and the building today stands as a rare functioning Jain place of worship anywhere in the country, embedded within the dense, historically layered streetscape of Old Anarkali. Independent, established-press reporting adds further precision to this account: Dawn's Sheharyar Rizwan reports that the temple was ""constructed by a woman with her own resources in 1940,"" though her name is not recorded in the surviving coverage, and that after the 1992 attack ""the temple's canopy was the only piece of the original structure that survived""; its ruins then lay neglected for over two decades until, in 2016, the remaining site was enclosed behind a boundary wall and the land given away to the Orange Line Metro Train project. The Supreme Court's restoration order, issued in December 2021 by then Chief Justice Gulzar Ahmed, came a day before the nineteenth anniversary of the Babri Masjid's demolition and was reported by the Express Tribune to run alongside a parallel restoration case for Lahore's Neela Gumbad (Blue Tomb); of at least a dozen Jain temples once standing in the city, per Youlin Magazine, this is the sole survivor, and it is not listed among the Punjab Archaeology Department's own ""Religious Monuments.""

## Bibliography
- Sheharyar Rizwan, ""Under-reconstruction Jain Mandir in Lahore all set to reopen,"" *Dawn*, 1 April 2022.
- ""Pakistan set to reopen Lahore's famous Jain temple,"" *The Express Tribune*, 5 December 2021.
- Muhammad Asif Nawaz, ""Story of the Jain Mandir,"" *Youlin Magazine*, 20 July 2022.","Sources disagree slightly on the exact construction period: Dawn (1 April 2022) states the temple was built specifically ""in 1940,"" while Youlin Magazine (20 July 2022) hedges that ""it is safe to assume it came about in late 1930s or early 1940s""; neither source names the woman credited with funding its construction, and this is reported rather than resolved. Separately, Dawn's April 2022 report quotes ETPB's Faraz Abbas estimating restoration completion ""in just over a month"" (around May 2022) with ""over 70pc"" of work then done; no source verified in this research pass confirms whether that timeline held, so the June 2022 reopening date given elsewhere in this entry is not independently reconfirmed here."
kalat-kali-temple,"## Overview

In the Shahi Bazaar of Kalat — the ancient hill-town of central Balochistan that was for centuries the seat of the Khanate of Kalat — stands a Hindu temple dedicated to the goddess Kali. Local tradition holds the shrine to be of great antiquity, with some accounts tracing its origins to the pre-Islamic Sewa dynasty period and claiming an age of some 1,500 years; no dated inscription or independent historical record has been located to confirm so early a founding, and the claim is best treated as devotional tradition rather than settled fact.

## A Living Shrine in a Historic Bazaar

The temple's presence within the working fabric of Kalat's old bazaar reflects a resident Hindu trading community that has occupied the town's commercial life alongside its Baloch and Brahui neighbours, a pattern of minority presence in Balochistan's interior towns that predates the modern state and has persisted, in much reduced form, into the present.

## Festival and Pilgrimage

The temple's clearest claim to wider recognition is its annual three-day Kali festival, held each January, which draws Hindu pilgrims from across Pakistan and, on occasion, from India — a notable instance of cross-border devotional travel to a small provincial shrine.

Independent confirmation of the temple's antiquity comes from the colonial-era *Ethnographic Survey of Baluchistan* (1913), which records the Kalat shrine as ""probably the oldest place of Hindu worship"" in the region and describes a perpetual lamp, or *jōt*, kept burning day and night, its oil historically supplied by the state itself. Press coverage of the temple's 2023 festival reports that it houses the second-largest Kali statue in Asia, and a 2017 profile found its rites then led by a young priest, Maharaj Sain Shamgir, before a congregation of about 35 worshippers, with Kalat city's own Hindu population put at some 200 households — of an estimated 100 families who had migrated elsewhere, roughly 80 were reported to have since returned. That same 2017 account also recorded a local priest's tradition that the city of Kalat itself takes its name from a Hindu ruler he called ""Kalat Seva"" — a separate oral tradition, distinct from the Sewa-dynasty founding narrative above, and not independently corroborated.

## Bibliography

- Wikipedia, ""Kali Temple, Kalat.""
- Local and regional press coverage of the annual Kalat Kali festival.
- Denys Bray, *Ethnographic Survey of Baluchistan*, Vol. 2 (Bombay: The Times Press, 1913).
- Muhammad Akbar Notezai, ""Footprints: Descendants of Royalty,"" *Dawn*, 15 October 2017.
- ""Three-day annual festival starts at Kalat's Kali Mandir,"" Associated Press of Pakistan, *The Express Tribune*, 24 January 2023.","The addition above draws on a colonial-era ethnographic survey (Bray, 1913) and established press coverage (Dawn, 2017; The Express Tribune, 2023), but the underlying research pass is rated PARTIAL: the founding-date and dynasty claims already carried in this Description (the Sewa-dynasty origin and 1,500-year age, above) remain unconfirmed against any source that could be directly fetched, and are retained here only as devotional tradition. The newly-added claim that ""Kalat"" derives from a Hindu ruler called ""Kalat Seva"" rests on a single 2017 press interview with a local priest and has not been cross-checked against Bray or any other source — it should be read as a second, likewise unresolved, naming tradition, not as confirmed history."
khatwari-darbar-shikarpur,"The Khatwari Darbar is among the most celebrated of the historic Sikh and Nanakpanthi shrines of Shikarpur, the north-Sindh town once known as the ""Paris of Sindh"" for the wealth of its merchant houses. It is traditionally held to have been founded by Bhai Gurdas Singh — also remembered by the name Kanhiya Lal — a disciple of Guru Gobind Singh who, after the Guru's death in 1708, is said to have travelled to Sindh and preached the Sikh teaching at Shikarpur. He is remembered as delivering his sermons seated upon a *khat* (a rope cot), from which the darbar took its name, ""Khatwari"". The building most likely dates to the second quarter of the eighteenth century and is one of the finest structures in the town: a two-storey *haveli*-style darbar noted for its fresco paintings and intricate woodwork, decoration rarely matched elsewhere in upper Sindh. Images of the ten Sikh Gurus adorn its walls, and three doorways open onto the main hall, where the *Guru Granth Sahib* is installed. The darbar belongs to the shared Nanakpanthi and *Udasi* devotional world of Sindh, in which Sindhi Hindus and Sikhs venerated the Gurus together. There are in fact three Khatwari Darbars in Shikarpur — the principal one, or Khatwari Dharamshala, in Thekrati Bazar — and the tradition of Bhai Gurdas is also remembered at Shahdadkot and at Gandava in Jhal Magsi.

Local tradition, as recorded by the anthropologist Zulfiqar Ali Kalhoro, adds a specific origin story: Guru Gobind Singh is said to have found Bhai Gurdas serving water to wounded Muslim and Sikh soldiers alike, and instructed him to carry the teaching to Shikarpur. The darbar's hall houses, alongside the *Guru Granth Sahib*, an image of Sri Chand — Guru Nanak's eldest son — and the *Jyot*, or sacred light, of Jhulelal, binding the shrine into Sindh's wider devotional world. The building was originally five storeys and is now reduced to two; its two entrances carry marble images of Durga and of Ganpati flanked by his two wives, and its central door bears ten carved panels of Sikh Gurus and saints, including Baba Sewa Das and Baba Kashi Das. By 2018 its mural paintings were reported in advanced decay and its ornate wooden doors sold off to dealers, and the darbar's once-extensive precinct has shrunk to a few buildings, with its former Vidyalaya now rebuilt as a charity hospital; a branch was also established in Mumbai after Partition. The darbar's continued existence and its housing of the Guru Granth Sahib were independently confirmed in 2013, when it was named among Sindh shrines hit by a wave of reported desecrations.

## Bibliography

- Zulfiqar Ali Kalhoro, ""The Magnificent Khatwari Darbar in Shikarpur,"" *Youlin Magazine*, 6 June 2024.
- Zulfiqar Ali Kalhoro, ""Gurus in Shikarpur,"" *The Friday Times*, 12 January 2018.
- Staff Reporter, ""Desecration of Guru Granth Sahib across Sindh cities slammed,"" *Dawn*, 28 August 2013.","The addition above draws on two articles by the anthropologist Zulfiqar Ali Kalhoro (The Friday Times, 2018; Youlin Magazine, 2024) and an independent 2013 Dawn report confirming the darbar's existence and its housing of the Guru Granth Sahib. Several points remain unresolved across the sources: Kalhoro's own two articles spell the founder's original name differently (""Kanhiya Lal"" in 2024 vs ""Kanya Lal"" in 2018); the 2024 article records an alternative tradition that Bhai Gurdas first preached at Gandava in Balochistan, not Shikarpur; and a Wikipedia passage (not independently verified) describes the darbar as dedicated to Bhai Kanhaiya, the Sewapanthi founder, whose water-carrier story is similar to but distinct from the one told here of Bhai Gurdas — the relationship between the two figures could not be resolved in this research pass. The detailed architectural and biographical material rests substantially on Kalhoro's own scholarship; only the darbar's bare existence and its housing of the Guru Granth Sahib have independent corroboration."
lal-kurti-temple-balmiki-mandir-rawalpindi,"The Lal Kurti Temple — also called the *Balmiki* (Valmiki) Mandir — stands in the historic Lalkurti quarter of Rawalpindi Cantonment, a bazaar district whose name (""red shirt"") recalls the red tunics of the British Indian Army soldiers who once shopped there and gave the old British Infantry Bazaar its popular name. Completed in 1905 in a Mughal-influenced idiom, the temple is dedicated to the sage-poet *Valmik* (Valmiki), revered as author of the *Ramayana* and venerated especially by the Balmiki community. It remained a focal point for local Hindus both before and after the Partition of 1947; while most of the quarter's Hindus left in 1947, a small community stayed on and kept the temple in worship, and its first post-Partition custodian, Kheera Lal, is buried within a side portion of the complex. As of 2025 it is reported to be the only Hindu place of worship still functioning in Lalkurti — a neighbourhood that once held shrines of several faiths — and it is counted as one of the three principal Hindu temples of Rawalpindi district, alongside the Krishna Mandir of Saddar and the Valmiki Swamiji Mandir of Gracy Lines. The temple hosts daily worship and the major festivals of *Diwali*, *Holi* and *Raksha Bandhan*, and its upkeep has been associated with the Pakistan Hindu Balmik Welfare Society and with the few dozen local families who continue to maintain it.

As of 2025, more than 60 Hindus were reported to live in the immediate Lal Kurti locality, within a wider Hindu population of the twin cities estimated at around 6,000. The temple's caretaker, Om Prakash Narain, 80 years old at the time, was also reported to serve as General Secretary of the Pakistan Hindu Balmik Welfare Society and as a member of the District Peace Committee and the Interfaith Harmony Committee. Press coverage is careful to distinguish this temple from a separate, unrelated structure of similar name — the ruined ""Guru Balmik Swamiji's Mandir,"" a triple-storey temple built in 1880 in Rawalpindi's Purana Qila, stripped of its woodwork and now built over with shops — which should not be confused with the active Lal Kurti temple described here.

## Bibliography

- Aamir Yasin, ""British colonial legacy lives on in Rawalpindi's Lal Kurti,"" *Dawn*, 12 May 2025.
- Qaiser Shirazi, ""Century-old Balmik Temple stands test of time,"" *The Express Tribune*, 27 August 2025.
- Qaiser Shirazi, ""Rawalpindi's Hindu heritage fades,"" *The Express Tribune*, 16 December 2025.
- Shiraz Hassan, ""Lal Kurti – an epitome of religious co-existence,"" *Dawn*, 21 August 2014.
- ""Pindi lit up as Hindus celebrate 'Festival of Lights',"" *The Express Tribune*, 1 November 2024.
- Qaiser Shirazi, ""A tale of overlooked places of worship,"" *The Express Tribune*, 23 January 2023.","No conflicts were found among the sources drawn on above. The research file underlying this addition flags a distinct, unrelated site of similar name: a ruined ""Guru Balmik Swamiji's Mandir,"" built 1880 in Rawalpindi's Purana Qila, now stripped and built over with shops (Qaiser Shirazi, *The Express Tribune*, 23 January 2023) — this is a separate structure from the active Lal Kurti/Balmiki temple described in this entry and should not be conflated with it."
loh-temple-lava-temple,"Wedged into the narrow space between the western wall of Lahore Fort and the eastern wall of Hazuri Bagh, close to the Alamgiri Gate, stands one of Lahore's most storied yet architecturally modest religious survivals: the Loh, or Lava, Temple. According to Hindu tradition, Lahore takes its name from Lava (also rendered Luv), twin son of Lord Rama and Sita in the Ramayana, who is said to have founded the city — known in Sanskrit as Lavapuri, the ""City of Lava"" — while his brother Kusha is traditionally credited with founding nearby Kasur. Despite this ancient legendary association, historians including Sir Edward MacLagan date the surviving structure itself to the early nineteenth century, likely built during or shortly after Maharaja Ranjit Singh's conquest of Lahore Fort in 1799, making it a Sikh-period commemorative shrine to an ancient legend rather than an ancient building in its own right. The temple is a simple hexagonal brick structure of interconnected chambers around an inner sanctum, historically topped by a dome that has since been lost; it contains no surviving Ramayana carvings or frescoes, consistent with its comparatively late construction. For much of the twentieth century the temple stood neglected and largely inaccessible within the Fort precincts. Between 2024 and 2026 it underwent careful restoration by the Walled City of Lahore Authority in partnership with the Aga Khan Cultural Service–Pakistan, funded by the United States Ambassadors Fund for Cultural Preservation, alongside related Sikh-era monuments nearby. It reopened to the public on 27 January 2026, drawing renewed attention in both Pakistani and Indian media as a rare, tangible link between Lahore's Hindu mythological heritage and its physical urban fabric, even though it does not currently host regular congregational worship in the manner of Lahore's active mandirs.

Visiting in 2018, a Dawn correspondent found the then-unrestored temple littered with an empty water bottle and marked by graffiti, and noted that neither of the two historians she consulted could say who built the temple, when, what it once housed, or whether it was ever used for worship at all — questions she concluded ""we can only speculate"" about. The Walled City of Lahore Authority, which now manages the site, describes it in its own materials as ""the temple of Raja Loh,"" a cluster of interconnected, open-to-sky chambers housing a memorial shrine, and frames its restoration as part of a wider effort to showcase the Fort's cross-cultural heritage of Sikh and Hindu temples, Mughal mosques, and British-period structures alongside one another.

## Bibliography

- Sufia Zamir, ""Heritage: The Lonely Little Temple,"" *Dawn*, 14 January 2018.
- ""Temple of Loh — a connection between Prince Loh and Lahore,"" Walled City of Lahore Authority, walledcitylahore.gop.pk.
- ""Temple dedicated to Lord Ram's son restored, opens for public in Pakistan's Lahore,"" PTI, *The Tribune* (Chandigarh), 27 January 2026.","Sources disagree on the restoration timeline and are not reconciled here: Dawn (2018) reports the temple then still neglected and litter-strewn; the Walled City of Lahore Authority's own page states the temple ""was conserved by the Walled City of Lahore Authority in 2021""; and a January 2026 wire report (PTI/The Tribune, India) describes a conservation project — undertaken with the Aga Khan Cultural Service — as newly ""completed"" in 2026, while noting the site had earlier undergone only ""partial restoration"" in 2018. These three dates (a 2018 partial restoration, a 2021 conservation per the WCLA's own page, and a 2026 completion per the 2026 report) all appear in sourced material and are reported here without being resolved into a single timeline. Separately, Dawn (2018) explicitly cautions that no source can confirm who built the temple, when, or whether it was ever actually used for worship — a deeper uncertainty than the Sikh-period-construction-vs-legendary-origin framing already given in this Description's main text."
mohra-sharif-khanqah,"Mohra Sharif is a celebrated *khanqah* — a Sufi lodge and spiritual centre — set in a small village in the Murree hills of the Punjab, some distance above Islamabad and Rawalpindi. It is the home of the *Naqshbandi Mujaddidi Qasimiya* order, and takes its name (the ""holy village"") from its sanctity. The centre was established by *Khwaja Muhammad Qasim Sadiq*, born about 1846 (1263 AH), whose forebears are said to have migrated from Iran and settled in the Rawalpindi district. According to the traditions of the order, he journeyed on foot to the shrine of his spiritual guide, *Khwaja Nizamuddin Aulia* of Kahiyan Sharif in the Neelam Valley of Kashmir, and there received *khilafat* with the instruction to settle at Mohra Sharif. He is said to have undertaken a *chilla* — a forty-day retreat of unbroken devotion — and the stone slab on which he sat throughout is preserved at the shrine as a relic (*tabarruk*). On his death the spiritual seat passed to his son Khwaja Pir Muhammad Zahid Khan, remembered as the first *sajjada nashin* (custodian) of Mohra Sharif, and thence down a line of successors. The khanqah remains an active centre of Naqshbandi devotion, drawing pilgrims especially at its annual *urs*, and is counted among the important Sufi shrines of the northern Punjab.

The khanqah's own historical account names the specific line of succession only broadly gestured at above: Khwaja Pir Muhammad Zahid Khan, the founder's third son and first *sajjada nashin*, is recorded as having died on 9 December 1993; he was followed by Hazrat Khawaja Pir Badshah Sahib, who died on 13 August 2008; and then by Pir Auliya Badshah Farooq Sahib as the third *Sajjada Nasheen*. In January 2026, the German Ambassador to Pakistan, Ina Lepel, visited the khanqah — described in press coverage as a ""200-year-old Sufi centre"" — and met with its custodian, named in that report as Pir Mujtaba Farooq Gull; a second report of the same visit notes that she spent considerable time at the khanqah's attached madrassa, observing classes and discussing curriculum with students.

## Bibliography

- ""German envoy visits historic shrine,"" *The Express Tribune*, 8 January 2026.
- ""German Ambassador visits madrassa in Mohra Sharif,"" *Islamabad Post*, 13 January 2026.
- ""Guide to Mohra Sharif,"" mohrasharif.com, accessed 16 August 2026.","This addition rests substantially on a single, non-independent source: the khanqah's own website (mohrasharif.com), for the founder's name, order, and succession details already given in this Description's main text, corroborated only by two January 2026 press reports (The Express Tribune, Islamabad Post) that confirm the shrine's existence, its approximate age (""200-year-old""), and its current custodian, but say nothing about its founding history. This addition has not yet been corroborated by an independent scholarly source and should be read accordingly. Separately, a discrepancy exists across sources on the founder's death year: the khanqah's own site gives ""20th November of 1943,"" while Wikipedia (not independently verifiable here) gives conflicting birth years (1822, 1845, 1846) and death years (1942, 1943) within the same article; this could not be resolved because none of the underlying sources on either side were independently fetchable in this research pass, and is reported here as an open gap rather than a resolved fact."
ram-mandir-saidpur-ram-kund-mandir,"The Ram Mandir at Saidpur — also known as the Ram Kund Mandir — stands in the historic village of Saidpur, set in a fold of the Margalla Hills on the northern edge of Islamabad. A Hindu temple dedicated to *Lord Rama*, it is traditionally dated to the sixteenth century and attributed by some accounts to Raja Man Singh I, the Rajput general of the Mughal emperor Akbar. The site's sanctity is bound to the belief that Rama, with Sita and Lakshmana, passed through this country during the years of exile recounted in the *Ramayana*: the natural springs of the village, fed by the hill streams, were revered as sacred pools, and four of them are traditionally named for Rama, Sita, Lakshmana, and Hanuman. Before Partition, Saidpur was a place of notable interfaith coexistence, home to Muslims, Hindus, and Sikhs together, its skyline holding a mosque, this Hindu temple, and — from the early twentieth century — a Sikh *gurdwara*. After 1947 the temple ceased to function as a place of worship; it was used for a time as a girls' school, and in the 2000s the Capital Development Authority restored Saidpur as a heritage and arts village, conserving the temple's fabric while its idols were removed and its images painted over. The building survives as a protected monument and a popular destination for visitors to Islamabad, though the local Hindu community has not been permitted to resume regular rituals there — a source of continuing appeal by Hindu representatives.

According to *Dawn*'s 2016 reporting, local memory also ties the site to the adjoining Ram Kund pond, where — per the 1893-94 Rawalpindi Gazetteer as cited by that report — an annual fair once drew Hindus from across the district; in 2006 the Capital Development Authority had the by-then-vacated building formally cleared and preserved as a tourist attraction, and visitors have since documented restaurants operating within the complex serving meat dishes, a practice criticised by Hindu commentators as an affront to the site's sanctity. A 2020 report independently corroborated the temple's sixteenth-century dating and confirmed that regular Hindu worship remains barred there.

## Bibliography
- Aamir Yasin, ""'Tourists, restaurants violate sanctity of Saidpur's temple',"" *Dawn*, 9 October 2016.
- Aamir Saeed, ""In Pakistani capital, a centuries-old temple where Hindus are not allowed to pray,"" *Arab News* (Pakistan edition), 7 July 2020.","A widely repeated claim (reported by Dawn, 2016) attributes the annual Ram Kund pond fair to the 1893-94 Rawalpindi Gazetteer; a direct search of that gazetteer's full-text scan on the Internet Archive (accessed 16 August 2026) found no passage mentioning ""Ram Kund,"" ""Ramkund,"" ""Saidpur,"" ""Sayadpur,"" or ""Said Pur"" — only an unrelated mention of chemr trees under ""Saidpur."" This may reflect a different edition or printing of the gazetteer, or a gap in the OCR text, but the specific citation could not be independently verified in this pass and is reported here, not resolved. Separately, the precise founding date is unsettled: Dawn (2016) names Raja Man Singh as builder without giving a year, an unverified, non-independently-fetched source elsewhere gives ""around 1580,"" and Arab News (2020) corroborates only ""sixteenth century"" in general terms. It is also unclear from either fetched source whether ""Ram Kund"" properly names the temple itself or only the adjacent pond, as Dawn (2016) treats them as distinct. Because one of its central sourced claims (the gazetteer citation) could not be verified, this addition is treated as PARTIAL rather than STRONG: the builder attribution, the Rama exile legend, the sixteenth-century dating, and the post-1947 secular reuse are corroborated by two independent established-press sources (Dawn 2016, Arab News 2020), but the gazetteer-sourced fair claim is not yet corroborated and should be treated with caution."
sain-vali-vilayat-rai-darbar-kambar,"The darbar of Sain Vali Vilayat Rai stands in the *Shivalo* quarter of Kambar (Qambar), the headquarters town of the Qambar–Shahdadkot District of upper Sindh, and is described by the anthropologist Zulfiqar Ali Kalhoro as the largest Nanakpanthi *darbar* in the district. Its founder, Vali Vilayat Rai, was born in 1825 into a prosperous Hindu family of Old Hala; his father, Pratab Rai, had served as a *munshi* (secretary) to the Talpur Mirs of Hyderabad. Vali Vilayat Rai settled first at Larkana and later moved to Kambar, where he chose the then-unpopulated Shivalo locality — remembered as a resort of *yogis*, *sants* and *sadhus* drawn from Kambar, Shahdadkot, Larkana and the surrounding towns — and there established his darbar, raising a great hall in which the *Guru Granth Sahib* was installed. Like the wider body of Sindhi Nanakpanthis, his followers venerate the Hindu deities together with Baba Guru Nanak, his son Baba Sri Chand, and the other Sikh Gurus, so that the darbar belongs at once to Hindu and to Sikh devotional worlds; it is entered here under ""Hindu Temple"" as the closest of the dataset's three categories, following the convention used for the other Sindhi *sant* darbars in this collection. The darbar and the *samadhi* (memorial shrine) of Vali Vilayat Rai remain at Kambar, and the lineage retains a devotional following, though — as with most Sindhi Hindu shrines — much of the community associated with it now lives in India. The saint is counted among a constellation of nineteenth- and early-twentieth-century Nanakpanthi masters of the Larkana country, among them Swami Dharmdas of Larkana and Bhai Waliram of Digano Mahesar.

According to a hagiographic account recorded by the anthropologist Zulfiqar Ali Kalhoro, Vali Vilayat Rai's turn to spiritual life followed his time as a *tapedar* (village accountant) under British rule: irregularities found in his accounts led to imprisonment, during which he is said to have received a vision of Guru Nanak revealing his own previous incarnation as a yogi; thereafter he is remembered as making an annual pilgrimage to the Sufi shrines of Rohri, Sehwan, and Jhok. The present darbar building, a three-storey structure with ornately carved doors and windows in a colonial idiom, is believed to have been erected in 1887. Leadership passed after his death to Sain Jiwat Singh, who ran a free dispensary for the poor of Kambar until his own death in 1899, and then to Jiwat Singh's chief disciple, Vishandas; a branch of the darbar was later established at Kandivali, Bombay (now Mumbai), in 1960, reflecting the wider migration of Sindhi Hindus after Partition.

## Bibliography
- Zulfiqar Ali Kalhoro, ""Nanakpanthi Saints of Sindh,"" *The Friday Times*, 13 April 2018.","This addition rests on a single independently-verified source (Zulfiqar Ali Kalhoro, ""Nanakpanthi Saints of Sindh,"" The Friday Times, 13 April 2018) and has not yet been corroborated by a second citable source."
samadhi-of-maharaja-ranjit-singh,"Immediately beside Lahore Fort and the Badshahi Mosque, on the spot where Maharaja Ranjit Singh's body was cremated, stands the samadhi built in his memory — one of the grandest funerary monuments of the Sikh Empire. Ranjit Singh, the ""Lion of Punjab,"" founded and ruled the Sikh Empire from 1801 until his death on 27 June 1839. Construction began the following month under his son Kharak Singh and was largely completed by 1848 under his youngest son, Duleep Singh, with final repairs funded by the British after their 1849 annexation of Punjab. At the monument's heart, beneath a marble pavilion inlaid with pietra dura stonework, a lotus-shaped marble urn holds the Maharaja's ashes, surrounded by smaller urns commemorating the four queens and seven attendants who, according to the custom of sati, died on his funeral pyre. Adjoining smaller samadhis honour his son Kharak Singh and grandson Nau Nihal Singh. Architecturally the building is a striking synthesis of Sikh, Hindu and Islamic idioms: gilded fluted domes and cupolas rise above red sandstone doorways carved with images of Ganesha, Devi and Brahma, while surviving interior frescoes, painted between 1839 and 1849, have been reassessed by modern scholars as a high point of Sikh decorative art. Though formally a samadhi rather than a constituted gurdwara, the site has long functioned as a living place of Sikh devotion: the Guru Granth Sahib was installed and read there for decades after construction, and today it remains an active pilgrimage destination, especially around Ranjit Singh's death anniversary and the spring Vaisakhi season, when Sikh visitors, including delegations from India, gather to pay homage. The Evacuee Trust Property Board administers the site, one of the most visited symbols of Sikh heritage remaining in Pakistan.

Modern scholarship has focused particular attention on the samadhi's ornamental programme: research by the art historian Dr Nadhra Shahbaz Naeem Khan uncovered guardian figures beneath whitewash on the building's eastern facade, though subsequent recoatings have since covered and lost this decoration again. The monument is listed by the Punjab Directorate General of Archaeology among the province's protected religious monuments of the Sikh period.

## Bibliography
- Bushra Shehzad, ""Rediscovering our Sikh heritage,"" *Dawn*, 24 May 2012.
- Directorate General of Archaeology, Government of Punjab, ""Religious Monuments"" (online monument index), accessed 16 August 2026.","A Dunya News feature (15 August 2026) states that ""the structure originally served as a baradari where Maharaja Ranjit Singh held royal gatherings before it was converted into a memorial Samadhi"" and that it ""houses commemorative urns associated with the Maharaja's ashes, while tradition holds that most of his ashes were immersed in the River Ganges."" Neither claim is corroborated by the two earlier, more rigorously sourced accounts drawn on above — Syad Muhammad Latif's 1892 *Lahore: Its History, Architectural Remains and Antiquities* and Iqbal Qaiser's 1998 *Historical Sikh Shrines in Pakistan* — both of which describe the building as commissioned only after Ranjit Singh's death, as a mausoleum begun under his son Kharak Singh, and both describe the marble lotus in the central vault as directly covering the Maharaja's ashes on-site, with no mention of a Ganges immersion. This discrepancy is reported here, not resolved. Dunya News also gives a vaguer account of who completed construction (""subsequent Sikh rulers"") than Latif's more precise sequence (begun under Kharak Singh, partly executed by Sher Singh, finished only in the later part of Dalip Singh's reign)."
sant-bhagat-kanwar-ram-temple-chak,"This temple at Chak, a town in Shikarpur district, is dedicated to the memory of Bhagat Kanwar Ram (1885–1939), one of the best-loved Sindhi Hindu saint-singers of the twentieth century. Born in the village of Jarwar in the Sukkur region, he became renowned for his rendition of the *Sur Prabhati*, sung in the early morning; the gramophone company HMV is said to have preserved a number of his devotional songs on record, spreading his fame across Sindh. Revered by Hindus and Muslims alike as a figure of piety and communal harmony, he was assassinated at Ruk railway station in the Sukkur area in November 1939 and is remembered as a martyr. The temple at Chak was raised in his name after his death and was rebuilt in 2006; its main hall holds canopies bearing images of Bhagat Kanwar Ram and of Sant Satram Das, the saint of the *Sacho Satram* tradition with whom his memory is closely linked. In a syncretic touch characteristic of Sindhi devotion, the *Guru Granth Sahib* is also installed within, so that the darbar is honoured by Hindu and Sikh worshippers together. Every year on 2 November his followers gather to mark the anniversary of his martyrdom, both at this shrine and at Ruk station where he was killed.

The temple stands specifically in the Lakhi Ghulam Shah taluka of Shikarpur district, roughly 24 km east of Lakhi Ghulam Shah town. Kanwar Ram — born 13 April 1885 at Tarachand's house in Jarwar, then part of Mirpur Mathelo tehsil, and a disciple of Sant Satram Das (1866-1910) — was also remembered for singing the verses of Sufi poets including Shah Abdul Latif Bhittai, Sachal Sarmast, Sami, and Kabir alongside his own devotional compositions. The Chak temple was first managed by Ladak Mal and his family and, following its 2006 rebuilding, has been maintained by Bal Chand Esrani, Tara Chand Thawani, and Prakash Lal Devani. A separate commemoration, distinct from both the Chak temple and the Ruk station gathering, has also been held at the Institute of Sindhology in Hyderabad, where in 2008 the university's vice-chancellor marked Kanwar Ram's 69th death anniversary by announcing a dedicated Bhagat Kanwar Ram Memorial Corner.

## Bibliography
- Zulfiqar Ali Kalhoro, ""Historic Temples and Darbars of Chak,"" *The Friday Times*, 2 February 2023.
- Shaikh Abdul Rasheed, ""Remembering Bhagat Kanwar Ram,"" *The News on Sunday*, 26 April 2020.
- ""Bhagat Kanwar remembered,"" *The Nation*, 2 November 2016.
- ""Bhagat Kanwar died for Sindh, says son,"" *Dawn*, 3 November 2008.","Sources differ slightly on administrative framing: Bhagat Kanwar Ram's birth village, Jarwar, is placed in ""Mirpur Mathelo tehsil"" by The News on Sunday (Shaikh Abdul Rasheed, 26 April 2020) but simply ""in Sukkur district"" by The Nation (2 November 2016); both agree on the village name, and the difference may reflect changing administrative boundaries rather than a factual conflict, but it is reported here unresolved. Separately, a search-engine-only claim (not independently fetched or confirmed) described the killing as occurring in December 1939, against the two established-press sources used above (The Friday Times, 2023; The News on Sunday, 2020), which both give 1 November 1939 at Ruk Railway Station; this could not be traced to any citable source and is flagged rather than resolved. Also worth noting: this entry's existing text places the annual commemoration on 2 November, while both established-press sources used here give 1 November as the date of the murder and of the annual gathering at Ruk Railway Station — a one-day difference noted here rather than silently corrected."
sant-satram-dham-raharki-sacho-satram-devri-sahib,"The town of Raharki (Raherki Sahib) in Ghotki district, in upper Sindh close to the Punjab border, is home to the *Sant Satram Dham* — also known as *Devri Sahib*, and, after the devotional movement it anchors, as *Sacho Satram* — reckoned among the largest and most frequented Hindu shrines in present-day Pakistan. It marks the birthplace of *Satguru* Swami Sai Satramdas Sahib, the revered Sindhi saint born here, according to the tradition, on 25 October 1866. He gave his life to spiritual teaching in the syncretic Sindhi devotional mould, preaching love, humility and service to the destitute, and drawing followers from across Sindh who came to him for blessing and healing; the tradition records that he ""left the mortal body"" on 25 January 1910. After his passing the *Devri* (shrine) at Raharki grew into the principal seat of his lineage, whose devotees revere a holy text recited at the shrine known as the *Dhuni Sahib*. Today thousands of pilgrims — Sindhi Hindus from Pakistan, India and the diaspora — gather at Raharki, especially each October to mark the saint's birth anniversary, and the site is locally described as one of the biggest temples in the country. A succession of *sants* has continued to lead the community, and the darbar sustains traditions of communal hospitality and worship; the town itself is noted as one where Muslims and Hindus have long lived together. His memory is closely linked with that of Bhagat Kanwar Ram (also recorded in this dataset), with whom the *Sacho Satram* tradition is associated.

According to *Dawn*'s 2012 reporting, the darbar forms a sprawling, multi-acre complex a few kilometres from the Bharchundi Sharif shrine, with an enormous pilgrim hostel under construction and a causeway, funded by the federal government, easing access to the site; caretakers there described a mid-April festival marking the death anniversary of Bhagat Kanwar Ram that draws tens of thousands of visitors, including from Dubai and India. A satellite Sant Satram Dham was separately established in Shikarpur town on 9 October 2000, its own displays acknowledging the Raharki complex as the ""principal"" *Devri Sahib*. In September 2019 the temple — also referred to in press coverage as the SSD Dham Mandir — was attacked during communal unrest in Ghotki; government and civil-society delegations investigating the violence met community leaders on-site and concluded the attack had been planned the night before, and PPP chairman Bilawal Bhutto-Zardari visited the ransacked temple in its aftermath.

## Bibliography
- Cyril Almeida, ""Hindus of upper Sindh: a bruised community carries on,"" *Dawn*, 2 April 2012.
- Zulfiqar Ali Kalhoro, ""Shikarpur's Sant Satram Dham,"" *Youlin Magazine*, 14 October 2024.
- Mohammad Hussain Khan, ""'Ghotki attacks on Hindu community conspiracy to foment communal unrest,' probe finds,"" *Dawn*, 28 September 2019.
- ""Bilawal visits ransacked temple, mosque in Ghotki,"" *Dawn*, 29 September 2019.",
sevapanthi-darbar-bhai-gurdas-gandava,"In the heart of Gandava — the old headquarters town of the Jhal Magsi District on the Kachhi (Kach Gandava) plain of Balochistan — stands a *darbar* of the *Sevapanthi* tradition, the order of devotees descended from Bhai Gurdas, the disciple of Guru Gobind Singh who is said to have carried the Nanakpanthi teaching into Sindh and Balochistan in the eighteenth century. According to the anthropologist Zulfiqar Ali Kalhoro, who has surveyed the Hindu and Sikh heritage of the region, the Gandava darbar was founded by one of Bhai Gurdas's disciples; the *Sevapanthis* (also written Sewapanthis, ""those of the path of service"") established such darbars and *dharamshalas* in many towns of Sindh and Balochistan, joining the veneration of Guru Nanak to a discipline of charitable hospitality. The Gandava darbar is celebrated above all for its woodwork: an intricately carved wooden frame decorating the main façade depicts Baba Guru Nanak flanked by his companions Bhai Bala and Bhai Mardana, together with the Hindu deities Ganesha (*Ganpati*) and Krishna — a vivid emblem of the syncretic Nanakpanthi devotion in which Sikh and Hindu figures share a single sacred idiom. The carving belongs to the same tradition of craftsmanship that produced the famed woodwork of the Khatwari Darbar at Shikarpur (a separate entry in this dataset), and the wider district is noted for such carvings of Krishna, Ganpati and Guru Nanak with his minstrel companions. Filed here under ""Sikh Gurdwara"" as the closest of the dataset's three categories, the darbar is more precisely a Nanakpanthi–Sevapanthi shrine of the kind once common among the Hindu mercantile communities of the Sindh–Balochistan borderland. Its exact date of foundation is not securely recorded, and — like many such darbars whose congregations dispersed after 1947 — the details of its present custody and use are uncertain, though the building and its carved façade were reported still standing when documented in recent years. Kalhoro's account also gives Bhai Gurdas's personal history: born Bhai Kanya Lal, he is remembered as a Khalsa saint who received the blessing of Guru Gobind Singh himself before carrying that teaching into the towns of Sindh and Balochistan. Independent confirmation that Gandava possesses a Hindu temple comes from a 2019 Dawn survey of the town's heritage sites, which lists ""a Hindu temple"" alongside the tombs of Syed Noor Shah Hussaini and Mian Saleh among the settlement's notable structures — though this piece does not itself identify the temple with the Sevapanthi darbar described above, so it stands as corroboration only that such a building exists in the town, not as confirmation of the specific Bhai Gurdas attribution.

## Bibliography
- Zulfiqar Ali Kalhoro, ""Gurus in Shikarpur,"" *The Friday Times*, 12 January 2018.
- Zulfiqar Ali Kalhoro, ""The Magnificent Khatwari Darbar in Shikarpur,"" *Youlin Magazine*, 6 June 2024.
- Sheikh Javed Ali Sindhi, ""Heritage: A Refuge and Fort for Ancient Armies,"" *Dawn*, 22 December 2019.","This entry's Sevapanthi/Bhai Gurdas attribution for the Gandava darbar rests on a single author (Zulfiqar Ali Kalhoro) writing across two publications — ""Gurus in Shikarpur,"" The Friday Times, 12 January 2018, and ""The Magnificent Khatwari Darbar in Shikarpur,"" Youlin Magazine, 6 June 2024 — and has not been independently corroborated by a second, unrelated source; an independent Dawn piece (Sheikh Javed Ali Sindhi, ""Heritage: A Refuge and Fort for Ancient Armies,"" 22 December 2019) confirms only that a Hindu temple exists in Gandava, without naming or identifying it as this darbar. Per the research verdict this addition is treated as PARTIAL rather than STRONG: it rests on this single author's reporting and has not yet been corroborated by an independent source specific to the Sevapanthi/Bhai Gurdas identification. Three related conflicts remain unresolved: (1) a companion research file for the sibling entry Khatwari Darbar, Shikarpur, records the same author's later account that ""Some believed Bhai Gurdas first preached in Gandava, Balochistan, before Shikarpur,"" raising an unresolved question of priority between the Gandava and Shikarpur darbars; (2) it is unclear whether the ""Sevapanthi darbar"" described here (Kalhoro, 2018) and the ""Khatwari Darbar of Gandava"" (Kalhoro, 2024) are one and the same building — both accounts point to the same town, author, and wood-carving description, but neither source states this explicitly; (3) Wikipedia's uncitable ""Sikhism in Sindh"" article attaches the Khatwari tradition's founding water-carrier legend to Bhai Kanhaiya, the historical founder of the Sewapanthi sect, while Kalhoro's articles attach the same story to ""Bhai Gurdas (alias Kanhiya/Kanya Lal)"" — whether these are the same figure is not resolved by any source fetched. None of these conflicts are resolved here, per this archive's standing practice of reporting contradictions rather than silently choosing a side."
shrine-of-baba-shah-kamal,"In the Muslim Town locality near Ichhra, within a graveyard that still bears his name and lends it to a surrounding housing scheme, lies the tomb of Hazrat Baba Shah Kamal, remembered chiefly as the elder brother of the celebrated Sufi Baba Shah Jamal. Their father, Syed Ahmad Shah, a descendant of Jalaluddin Surkh-Posh Bukhari of Uch Sharif, personally instructed both sons in Islamic theology before the brothers settled together in the Ichhra area of Lahore. While far less is independently documented about Shah Kamal than about his more famous sibling, local devotional tradition attaches to him the composite title ""Qadiri Suhrawardi,"" suggesting an affiliation with the same overlapping Sufi orders associated with his brother's shrine nearby, and his likely lifetime is generally placed in the same late-sixteenth to seventeenth-century Mughal-era window as Shah Jamal's own. The shrine sits within the historic Shah Kamal graveyard, still in active use as a burial ground, and continues to attract local devotees for weekly Thursday evening gatherings involving dhol drumming and qawwali, echoing in more modest form the famous dhamal tradition at his brother's shrine. An annual urs is held in his honour, drawing pilgrims from the surrounding neighbourhoods, though the precise calendar date is not widely documented. The site is formally catalogued as a monument of the historic period by the Punjab Department of Archaeology and Museums, and together with the Shah Jamal shrine it helps anchor the religious identity of this part of Lahore as a historic centre of Sufi devotion, reflecting the broader pattern by which entire Lahore neighbourhoods have taken their names and characters from the saints buried within them. This location is independently confirmed by two directly-consulted sources: the Punjab Auqaf & Religious Affairs Department's own shrine listing includes, under its Lahore Zone, an entry titled ""Darbar & Jamia Masjid Hazrat Shah Kamal,"" while the Chughtai Library's digital catalogue of Lahore's historic Mughal-period monuments gives the shrine's precise address as Karnalpura, Muslim Town, Combo Colony, Lahore, and records it as owned by the Auqaf Department, its condition rated ""Satisfactory,"" within a mosque-and-graveyard complex.

## Bibliography
- Auqaf & Religious Affairs Department, Government of Punjab, ""Shrines"" (official shrine listing), https://auqaf.punjab.gov.pk/shrines, accessed 16 August 2026.
- Chughtai (Public) Library Digital Library, ""Historic Monuments of Lahore — Mughal Period — Shrine of Hazrat Shah Kamal,"" https://www.chughtailibrary.com/digital_library/place_detail.php?plc_id=35, accessed 16 August 2026.","A travel-content site (beautyofpakistan.com — excluded from this archive's citation standard as a travel aggregator) describes a ""Shrine of Baba Kamal Chishti"" on a hilltop on Ferozepur Road in Kasur, distinct in nisba (Chishti, versus the Suhrawardi/""Qadiri Suhrawardi"" affiliation used for the saint in this entry) and in site type (hilltop shrine versus urban Ichhra tomb) from the shrine described here. This may simply be a different, unrelated saint who happens to share a similar name, rather than a rival claim about the same shrine — flagged here for awareness, not resolved, and not treated as a verified source."
shrine-of-hazrat-muhammad-ayub-shah-bukhari,"The shrine of Hazrat Muhammad Ayub Shah Bukhari is one of the principal Sufi dargahs of the Jhal Magsi district of Balochistan, situated at Gandawah (Gandava), the historic administrative town of the Kachhi plain. Its saint bore the *Bukhari* lineage, marking descent from the influential family of Sayyids who traced their origins to Bukhara and whose forebears — most famously Jalaluddin Surkh-Posh Bukhari of Uch Sharif — spread the *Suhrawardi* devotional tradition across Sindh and the southern Punjab. The tomb is locally admired as one of the finest examples of shrine architecture in the district, and it stands among a cluster of Sufi graves in the Gandawah area that together form an important sacred landscape for the surrounding Baloch and Brahui communities. Devotees from across the district and beyond visit to seek blessing and intercession, and the saint's *urs* is observed as the chief event of the devotional year, drawing pilgrims, *qawwali* and the distribution of food. As with many shrines of interior Balochistan, the documented history of the saint is thin and his dates uncertain, so his biography is best treated as living tradition rather than established record; the *Bukhari* attribution and the shrine's standing as a regional pilgrimage centre are, however, well attested locally. It should not be confused with the separate and larger Dargah of Fateh Pur Sharif (Pir Rakhail Shah), also in the Jhal Magsi district. Independent confirmation of the tomb's standing among Gandava's principal monuments comes from a 2019 Dawn survey of the town's heritage, which names ""the tombs of Ayub Shah Bukhari, Murad Kaleri, and Meeri of Khan-e-Qalat"" together with the Jamia Mosque of Gandava among ""the best examples of Islamic architecture in the area,"" though the article gives no further individual detail — no dates or architectural description — specific to this tomb.

## Bibliography
- Sheikh Javed Ali Sindhi, ""Heritage: A Refuge and Fort for Ancient Armies,"" *Dawn*, 22 December 2019.","This addition rests on a single independently-verified source (Dawn, 22 December 2019) confirming that a tomb of this name exists among Gandava's heritage sites; a second source that would likely corroborate this — the Jhal Magsi District Government's own heritage listing, reported by a sibling researcher's file to name ""Muhammad Ayub Shah Bukhari (Gandawah)"" among the district's main shrines via a Wayback Machine snapshot — could not be re-fetched this session and is not counted as verified here. This addition rests on a single independently-verified source and has not yet been corroborated.

Caution — possible same name, different site: English Wikipedia's uncitable ""Ayub Shah Bukhari"" article describes a distinctly-located shrine of this name in Gulshan-e-Maymar, Gadap Town, Karachi, associated with a January 2014 killing of six people (three shrine custodians, three others) claimed by the Tehrik-e-Taliban Pakistan. None of the underlying sources for that Karachi claim (UCA News, an Indian Express archive page, the South Asia Terrorism Portal) could be independently fetched or verified this session, so it is not treated as a confirmed fact and has not been merged into this entry's description. It is flagged here only as an open question for a human to check: whether the ""Hazrat Muhammad Ayub Shah Bukhari"" of Balochistan described in this entry is the same figure as the ""Ayub Shah Bukhari"" of Karachi's Gadap Town, or an unrelated saint who happens to share the same Bukhari-sayyid honorific and given name."
shrine-of-hazrat-shah-ali-akbar-shah-ali-akbar-shamsi,"The Shrine of Hazrat Shah Ali Akbar Shamsi stands in the historic neighbourhood of Suraj Miani in Multan, the celebrated ""city of saints"", and is counted among the oldest and most beautiful mausoleums of the city. Shah Ali Akbar is remembered as a descendant — by tradition of the eighth generation — of the great Sufi Shah Shams Sabzwari of Multan, and it is said that after the death of his father he settled permanently in the city. His tomb, built of brick in the octagonal, tiered form so characteristic of Multan, is often likened to a smaller version of the famous shrine of Shah Rukn-e-Alam, and it belongs to the classic tradition of Multani funerary architecture with its glazed tilework and tapering silhouette. According to inscriptions and local tradition, construction of the mausoleum began in 993 AH (about 1585 CE) and took some fifteen years to complete; it is said to have been raised by the saint's grandson, who is himself buried within the complex, and the work is attributed to the builders Ibrahim and Rajab, sons of the noted architect Musa Lahori. Despite its remarkable beauty and its importance to the architectural history of Multan, the shrine has often been described as one of the city's more neglected monuments. It remains a place of *ziyarat* and hosts an annual *urs* in the saint's honour. Also known by the alternate name Kabuli Mohallah, the shrine's compound is registered as a protected monument under the Antiquity Act of 1975 by the Directorate General of Archaeology, Punjab, whose own listing describes the building's brick construction as embellished with panels of glazed tiles, three arched panels on each side surmounted by a series of merlons set on bold moldings, its lower walls plastered in lime, and an interior decorated with panels of fresco painting — though the same listing notes this fresco work and lime plaster have been considerably damaged by the smoke of mustard-oil lamps and votive candles over the years. In 2019 the Punjab Archaeology Department proposed a Rs 30 million conservation and restoration project for the mausoleum, and by November of that year a related tender for a Rs 27.104 million project was opened for bids, though press reporting does not clarify whether this represents the same project re-costed or a later phase of the work.

## Bibliography
- Sana Jamal and Imran Adnan, ""Bids for conservation of tomb to open on November 18,"" *The Express Tribune*, 5 November 2019.
- ""Govt approves Rs30m to restore historic Multan site,"" *The Express Tribune*, 21 May 2019.
- Directorate General of Archaeology, Government of Punjab, ""Tomb of Shah Ali Akbar & His Mother, Multan,"" https://archaeology.punjab.gov.pk/tomb_shahaliakbar, accessed 16 August 2026.","Two Express Tribune articles (21 May 2019 and 5 November 2019) and the Punjab Archaeology Department's own official page were all directly verified, but the press pieces conflict with the official custodial body on two central facts, neither resolved here. Construction date: The Express Tribune (both 2019 articles) states the mausoleum ""was built in 1585""; the Directorate General of Archaeology, Punjab's own official listing for the same monument instead states ""it may be attributed to the 17th century A.D."" Founder's identity and lineage: press names the saint ""Hazrat Shah Ali Akbar,"" described as ""8th in line as a descendant of Hazrat Shamsuddin Sabzwari""; the official Punjab Archaeology page instead names the founder only as ""the Ismaili Saint Sultan Ali Akbar,"" who ""erected the tomb according to local tradition,"" without repeating the Shamsuddin Sabzwari descent claim. A third, less central discrepancy: the two Tribune articles report different conservation-project cost figures (Rs 30 million in May 2019 versus Rs 27.104 million in November 2019), which may represent the same project re-costed at tender stage or two different phases — not clarified by either article. Per the research verdict, this addition is treated as PARTIAL rather than STRONG: the two press articles may derive from the same government press-office material (near-identical phrasing across both), and given the direct conflict with the official custodial body on the central fact of construction date, this addition has not yet been independently corroborated to a settled standard."
shrine-of-makhdoom-abdul-rahim-girhori,"The shrine of Makhdoom Abdul Rahim Girhori stands at Girhor Sharif, a village some eight kilometres west of Pithoro in Umarkot district, in the semi-desert borderlands of eastern Sindh. It honours a leading Naqshbandi mystic and scholar of eighteenth-century Sindh (1739–1778) who belonged to the Mangrio tribe and came to be known as *Girhori* after he settled at Girhor and established his *khanqah* there. He was among the foremost *khalifas* (deputies) of Khwaja Muhammad Zaman of Luari Sharif (also recorded in this dataset), the celebrated *Sultan al-Aulia* of the Sindhi Naqshbandis, under whom he was trained. A learned man, Abdul Rahim Girhori is remembered for his religious scholarship and ascetic life and is said to have composed works in Sindhi, Arabic and Persian. He is venerated as a *shaheed* (martyr): according to traditional accounts he was killed late in his life in a confrontation, and his tomb is honoured as that of a martyr-saint. Today the shrine complex is a place of pilgrimage that local sources note is frequented by both Muslims and Hindus, and an annual *urs* commemorates him. His memory forms part of the wider Naqshbandi devotional network that the disciples of Khwaja Muhammad Zaman spread across Sindh in the eighteenth century. Kalhoro's account further names his principal Sindhi, Arabic and Persian compositions — *Sharh Abayat Sindhi*, *Fath-al-Fazal*, *Risala Gul Numa* and *Kalam Girhori* among them — and gives a fuller version of the saint's death: tradition holds that he fell in battle against a rival Hindu ascetic, whom he killed along with destroying the ascetic's *marhi* (shrine), but was himself mortally wounded in the same encounter, an episode remembered as the origin of his shaheed status. The shrine's continuing local importance in more recent times is attested by a 2015 Dawn report naming Syed Asif Ali Shah as the custodian of the ""Shaheed Abdul Raheem Girhori shrine"" at the time of an armed attack on him that stirred sectarian unrest in the area.

## Bibliography
- Zulfiqar Ali Kalhoro, ""Swamis and Sufis,"" *The Friday Times*, 28 September 2018.
- ""'Armed attack' on Girhor Sharif custodian stirs sectarian unrest,"" *Dawn*, 10 June 2015.","Two independently-verified press sources disagree on the shrine's administrative location: Zulfiqar Ali Kalhoro, ""Swamis and Sufis"" (The Friday Times, 28 September 2018), places the shrine complex ""about 8 km west of Pithoro taluka in Umarkot district,"" while ""'Armed attack' on Girhor Sharif custodian stirs sectarian unrest"" (Dawn, 10 June 2015) instead locates ""Girhor Sharif town"" in ""Sindhri taluka,"" datelined from Mirpurkhas. Pithoro and Sindhri are both talukas historically associated with the Mirpurkhas/Umarkot border area of Sindh, but the two sources name different talukas and imply different current districts. Not resolved here — reported per this archive's standing practice of surfacing contradictions rather than silently choosing one account."
shrine-of-pir-chhatal-shah-noorani,"The shrine of *Pir* Chhatal Shah Noorani stands at a spring-fed oasis near the mouth of the Moola gorge, where the Moola River shears clear across the Kirthar range to reach the Kachhi plain at Gandava, in the Jhal Magsi district of Balochistan. The point where the river debouches from the hills is known as *Naulung* (""Nine Fords"") or, among the highland Baloch, *Punjmunh* (""Five Mouths""); for thousands of years this was the most convenient passage between the Indus valley and the Kalat uplands. The site is celebrated for a small, clear pond, fed by a copious spring bursting from the rock, that teems with large *mahseer* fish. By long tradition the fish were the saint's pets and no one has ever eaten them; local lore holds that any fish caught and cooked would emerge again alive, a taboo that has in effect made the pond one of the oldest fish-conservation sanctuaries in the region. Chhatal Shah Noorani is remembered as a granter of wishes to whom Hindus and Muslims alike came to have their hearts' desires fulfilled. The tomb sits on a low knoll: in 1831 the traveller Charles Masson (James Lewis) recorded it as a conspicuous *gumbaz*, or domed building, that served as the usual halting-place for caravans crossing between Kalat and Kachhi, though the dome has since collapsed and the grave now stands within plain modern walls. In recent years improved access has turned the once-remote spot into a popular picnic destination. Salman Rashid, who first visited the site in 2003, described the pond as ""teeming with mahseer fish, nearly 60 cm long,"" and recorded a keeper's own account of the saint's identity: asked who Chhatal Shah Noorani had been, the man replied simply, ""Only Allah knows!"" — adding only that he was ""a granter of wishes"" to Hindus and Muslims alike. The Jhal Magsi district government's own heritage listing independently confirms the shrine, naming it among the district's principal shrines and placing it ""near Kotra.""

## Bibliography

- Salman Rashid, ""TRAVEL: Pir Chhatal's Mystical Fish,"" *Dawn*, 18 October 2020.
- ""Culture & Heritage,"" Jhal Magsi District Government of Balochistan, archived 26 April 2025, http://web.archive.org/web/20250426101741/https://jhalmagsi.balochistan.gov.pk/culture-heritage/.","Popular accounts (travel blogs, social media) describe the shrine as roughly 900 years old, but this figure appears in neither of the two citable sources verified for this entry — Salman Rashid's Dawn account of the site and the Jhal Magsi district government's own heritage listing — and should not be treated as established. The two sources also differ in how they place the shrine: the district government situates it specifically ""near Kotra,"" while Rashid's account frames the location relative to Gandava and the Moola Pass/Kirthar range without mentioning Kotra; this is not necessarily contradictory, but exact placement should be treated as approximate pending a map cross-check."
shrine-of-pir-lakha-aab-e-shifa-jhal-magsi,"The shrine of Pir Lakha lies in the north-western uplands of the Jhal Magsi District of Balochistan, in the broken country near Kotra where the Moola river descends through its gorge — the same tract that holds the shrine of Pir Chhatal Shah Noorani (a separate entry in this dataset). District heritage listings count Pir Lakha among the principal shrines of Jhal Magsi, alongside the *dargahs* of Rakhyal Shah at Fatehpur and Muhammad Ayub Shah Bukhari at Gandava. Its particular fame rests less on a documented saintly biography — of which little is recorded — than on the hot springs beside it, known as *Aab-e-Shifa*, ""the water of healing."" Pilgrims travel from far-flung parts of Balochistan and Sindh to bathe in these thermal waters, which are believed to cure skin ailments and other afflictions, so that the site functions at once as a shrine and as a place of folk therapeutics. Like several shrines of the Kachhi–Gandava plain, it draws Muslim and Hindu visitors alike. Because the life of the eponymous *pir* is essentially undocumented in accessible sources, only the shrine's living role as a pilgrimage-and-healing centre can be stated with confidence. This listing is independently confirmed by the Jhal Magsi district government's own Culture & Heritage page, which names ""Pir Lakha"" both as a page heading and among the district's main shrines. That official listing, however, does not mention the Aab-e-Shifa hot springs at all; no citable source consulted for this entry corroborates the healing-spring claim that gives the site its popular name, which currently rests only on social-media and blog accounts.

## Bibliography

- ""Culture & Heritage,"" Jhal Magsi District Government of Balochistan, archived 26 April 2025, http://web.archive.org/web/20250426101741/https://jhalmagsi.balochistan.gov.pk/culture-heritage/.","The ""Aab-e-Shifa"" (healing-waters) claim that gives this shrine its popular name is not corroborated by any citable source found in the 2026-08 research pass. The one citable source verified — the Jhal Magsi district government's own Culture & Heritage page — confirms only that a shrine called ""Pir Lakha"" exists and is officially recognized as one of the district's main shrines; it does not mention hot springs, healing waters, or ""Aab-e-Shifa"" anywhere in its text. The hot-springs claim currently rests entirely on non-citable sources (Facebook posts and videos, tourism blogs, and an uncited line in Wikipedia's ""Jhal Magsi"" article). This addition rests on a single independently-verified source and has not yet been corroborated."
swami-dharmdas-darbar-larkana-kennedy-market,"The darbar of Swami Dharmdas at Larkana is one of the *Nanakpanthi* shrines of the Larkana country of upper Sindh, recorded by the anthropologist Zulfiqar Ali Kalhoro in his survey of the region's Hindu–Sikh saints. Swami Dharamdas is remembered as a disciple of Sant Bhai Wasan Shah of Rohri; according to Kalhoro he first established a darbar at the village of Mena and afterwards founded the shrine at Larkana with which his name is chiefly associated, said to lie in the Kennedy Market quarter of the town. He was a contemporary of Sain Vali Vilayat Rai of Kambar (a separate entry in this dataset), one of a group of nineteenth- and early-twentieth-century *sants* who spread a message of love, harmony and tolerance among the Hindu, Muslim and Sikh communities of Sindh. In the Nanakpanthi manner, such darbars house a copy of the *Guru Granth Sahib* alongside images of Hindu deities, and honour Baba Guru Nanak without a firm confessional boundary. The saint's dates and the darbar's detailed history are only thinly documented in accessible sources, and — as with most Sindhi Hindu shrines — the size and present condition of the site are uncertain; the entry is offered on the authority of Kalhoro's fieldwork and should be treated as provisional. Kalhoro records this lineage directly, writing that ""Swami Dharamdas was a disciple of Sant Bhai Wasan Shah in Rohri. First, he established a darbar in Mena village and later in Larkana,"" and identifying him as ""Swami Dharmdas who founded a darbar in Kennedy Market in Larkana."" Beyond this single account, no second independent source, and no dates for the founder or the darbar, could be located.

## Bibliography

- Zulfiqar Ali Kalhoro, ""Nanakpanthi Saints of Sindh,"" *The Friday Times*, 13 April 2018.","This addition rests on a single independently-verified source (Zulfiqar Ali Kalhoro, The Friday Times, 2018) and has not yet been corroborated by a second source. Reference material on Kennedy Market's own history (a non-citable Wikipedia pointer) dates the market's naming to 1964; whether the darbar predates that name or was established afterward is not addressed by any citable source found in this pass and remains an open question."
tomb-of-baha-al-halim-uch-sharif,"The Tomb of Baha'al-Halim is one of the celebrated cluster of medieval shrines at the south-western edge of Uch Sharif, the ancient town in Bahawalpur district that was for centuries a great centre of the Suhrawardi order and of the Bukhari Sayyids. Together with the neighbouring tombs of Bibi Jawindi and Ustad Nuriya and the tomb and mosque of Jalaluddin Bukhari, the shrine forms the ensemble that Pakistan placed on the UNESCO World Heritage tentative list in 2004 as an outstanding example of Islamic funerary architecture. Baha'al-Halim is remembered as a revered spiritual guide of Uch, and his tomb is traditionally said to have been raised in his honour by the great saint Makhdoom Jahaniyan Jahangasht; the exact dates of his life are not securely recorded and are best treated with caution. The mausoleum is an octagonal, three-tiered structure of glazed brick, crowned by a dome and adorned with the brilliant blue, turquoise and white tilework for which Uch and Multan are famous — a fusion of Central Asian, Persian and local Multani decorative traditions. Though damaged over the centuries, it remains among the most admired monuments of the town and, like its companion shrines, is honoured with an annual *urs*. Per UNESCO's own tentative-list submission (Ref. 1883, filed 30 January 2004 by Pakistan's Department of Archaeology and Museums), the tomb is the earliest of the ensemble's three domed mausolea, raised for Baha' al-Halim by his pupil Jahaniyan Jahangasht (1307-1383 AD) during or shortly after the latter's lifetime, predating the tomb of Bibi Jawindi, built around 1494. Dawn reported in 2011 that ""most of the old shrines in Uch Sharif are in massive need of restoration,"" and in 2025 that the Walled City of Lahore Authority had begun a conservation plan covering ten monuments — including ""Hazrat Bahaul Halim"" — at a cost of over Rs653 million.

## Bibliography

- UNESCO World Heritage Centre, ""Tomb of Bibi Jawindi, Baha'al-Halim and Ustead and the Tomb and Mosque of Jalaluddin Bukhari,"" Tentative Lists, Ref. 1883, submitted 30 January 2004 (Department of Archaeology and Museums, Government of Pakistan), https://whc.unesco.org/en/tentativelists/1883/.
- ""Uch Sharif: where the shrine culture began,"" *Dawn*, 27 June 2011.
- ""Restoration of Uch Sharif tombs goes on,"" *Dawn*, 24 April 2025.",
tomb-of-qutbuddin-aibak,"Tucked amid the crowded lanes of Aibak Road in the Anarkali quarter, this modest garden tomb marks the burial place of Sultan Qutb ud-Din Aibak, founder of the Mamluk, or ""Slave,"" dynasty and the first ruler of the Delhi Sultanate. Born around 1150 in Turkestan, Aibak was sold into slavery as a child and eventually rose, through service to the Ghurid ruler Muhammad Ghori, to command Ghurid territories in northern India following the decisive Second Battle of Tarain in 1192. After Ghori's assassination in 1206, Aibak established independent rule based in Lahore, laying the foundations of Muslim dynastic government in the subcontinent; he is also remembered as the patron who commissioned Delhi's Qutb Minar. He died in Lahore in November 1210 after a fall from his horse while playing chaugan, an early form of polo, and was succeeded eventually by his son-in-law Iltutmish. The tomb's physical history has been anything but continuous: historians dispute whether a substantial mausoleum ever stood over the grave in the medieval period, and for long the site was a simple, informal grave hemmed in by the houses of the Anarkali bazaar. The structure visitors see today is essentially a 1970s reconstruction by Pakistan's Department of Archaeology and Museums, deliberately evoking early Sultanate-period style within a small walled garden. Unlike Lahore's Sufi shrines, the tomb hosts no urs, no pilgrimage tradition and no ongoing devotional practice; it is maintained purely as a protected historical monument, valued chiefly for its symbolic role marking the thirteenth-century founding moment of Muslim dynastic rule in South Asia, centred, briefly, on Lahore itself. Punjab's Directorate General of Archaeology states that the grave was ""originally... only one grave without any tomb or structure,"" that a marble tomb was later ""pulled down by Ranjit Singh,"" and that the department itself ""built the present tomb over the grave in 1990."" Earlier still, per Dawn's ""Harking Back"" column, Sultan Iltutmish had ordered ""a simple small room, one barely able to enclose the grave"" — at first a mud room, later bricked in during Akbar's reign — and Aibak himself had wanted Lahore's dead buried together, designating land south of Mozang village as a graveyard for ""at least 150,000 dead,"" the origin of the present Miani Sahib graveyard. The same column instead dates the present mausoleum's actual construction to 1972, ordered by Prime Minister Zulfiqar Ali Bhutto after the Bangladesh war — who is quoted remarking that Aibak ""was a great and kind ruler and deserved the respect of the poor"" — with the design led by architect Kamil Khan Mumtaz; Daily Times likewise places the rebuilding ""during the 1970s,"" rather than in 1990 as the Archaeology Department's own page states.

## Bibliography

- Directorate General of Archaeology, Government of Punjab, ""Tomb of Qutb-ud-Din Aibak, Anarkali Bazar Lahore,"" https://archaeology.punjab.gov.pk/qutbuddin_aibak.
- Majid Sheikh, ""Harking Back: The once 'mud' grave of slave Sultan Aibak,"" *Dawn*, 24 August 2025.
- Majid Sheikh, ""Harking back: Massive graveyard that Aibak envisaged,"" *Dawn*, 2 June 2024.
- Dr Syed Talha Shah, ""Qutbuddin Aibak: The forgotten tomb of a slave sultan,"" *Daily Times*, 23 December 2018.","Sources conflict on when the present tomb structure was built: the Punjab Directorate General of Archaeology's own page states the department ""built the present tomb over the grave in 1990,"" while Dawn's ""Harking Back"" column (24 August 2025) dates the reconstruction to 1972, under an order from Prime Minister Z.A. Bhutto with architect Kamil Khan Mumtaz heading the design, and Daily Times (23 December 2018) independently places it ""during the 1970s."" The roughly two-decade gap between the official 1990 date and the two press accounts' early-to-mid-1970s dating is unresolved by any source found; it is possible 1972 marks the design order and 1990 the completion, but no source states this explicitly. Separately, the Archaeology Department's page alone claims a marble tomb once stood over the grave before being ""pulled down by Ranjit Singh""; no other source corroborates or elaborates on this marble tomb's existence."
tomb-of-ustad-nuriya,"The Tomb of Ustad Nuriya is the smallest and plainest of the celebrated funerary monuments clustered on the Bukhari mound at Uch Sharif, an ancient town in the Bahawalpur district of southern Punjab long renowned as a centre of Suhrawardi Sufism. It stands beside the far more famous tombs of Bibi Jawindi and Baha'al-Halim (both octagonal and blue-tiled) and the flat-roofed brick tomb-and-mosque of Jalaluddin Surkh-Posh Bukhari, with which it forms an ensemble of five monuments placed on UNESCO's tentative list of World Heritage Sites. Tradition holds that the tomb honours Ustad Nuriya — the master-builder, or ustad, credited with designing the exquisite tomb of Bibi Jawindi, itself usually dated to the late fifteenth century. Because it was raised for a craftsman rather than a saint, the tomb departs from the octagonal, tiered form of its neighbours: it is smaller and broadly rectangular in plan, and it lacks the lavish glazed-tile revetment for which Uch is famous. Like the rest of the group it has suffered severe structural loss over the centuries — a great flood in 1817 is traditionally blamed for the collapse of much of the complex — and part of its rear structure is gone. Its interest lies precisely in its dedication: in an architectural tradition that seldom named its makers, the survival of a monument to the builder himself is remarkable, and it underlines the extraordinary artistic reputation of the Uch workshops. Filed here under the Muslim-shrine category as an integral part of the Suhrawardi funerary complex, the tomb draws the heritage traveller and the historian of Indo-Islamic architecture rather than the pilgrim.

An academic study of the Uch Sharif funerary complex places the tomb specifically in the northwest corner of the town, on the sloping side of a hill that was once the site of a historic fortress, amid the ruins of other architecturally significant shrines — among them those of Bibi Jawindi and Baha'al-Halim. The tomb is also listed as a protected monument in the Punjab Directorate General of Archaeology's register of religious monuments, where it is classified under the heading ""Early Muslim Period (8th–12th Century).""

## Bibliography
- Nusrat Bibi, ""The Land of Saints Uch Sharif"" [section: ""Ustad Nuriya Tomb Monument Complex""], *International Journal of Scientific and Research Publications*, Vol. 11, Issue 10 (October 2021), p. 282.
- Directorate General of Archaeology, Government of Punjab, ""Religious Monuments,"" https://archaeology.punjab.gov.pk/religious_monuments, accessed 16 August 2026.","coordinates approximate — the tomb sits on the same mound as rows 11 (Bibi Jawindi), 90, 91 and 138 (Baha'al-Halim). It is the tomb of an architect, included under ""Muslim Shrine"" as part of the Sufi shrine ensemble. A dedicated Wikimedia Commons category ""Shrine of Nuriya, Uch Sharif"" exists; Image 1 left NONE because no exact filename could be confirmed without a browser — flag for a browser-enabled image pass.

Verified-findings addition (16 August 2026): the Punjab Directorate General of Archaeology's monument register lists this tomb as a protected monument under the heading ""Early Muslim Period (8th–12th Century)"" — a classification that conflicts with the late-fifteenth-century date implied elsewhere (the sheet's own year_built of 1493, and the academic source cited above, which situates the tomb in the era of Bibi Jawindi's shrine, itself dated by the 1908 Bahawalpur Gazetteer to 900 Hijra/1494 AD). Not resolved. Separately, the 1908 Punjab States Gazetteers: Bahawalpur State (Vol. 36, pp. 890–891) gives a detailed, named list of shrines and tombs at Uch and includes no entry for ""Ustad Nuriya"" or any tomb attributed to an architect — a genuine gap in the documentary record that none of the sources checked explain. This addition also rests substantially on a single academic paper of uneven editorial quality (a Textile Design department publication, not a specialist history/archaeology journal) and has not yet been corroborated by an independent source — treat the new material above as PARTIAL/unconfirmed pending further verification."
valmiki-swamiji-mandir-gracy-lines-rawalpindi,"The Valmik Swamiji Mandir — also called the Valmiki Mandir or *Balaknash* Temple — lies in the Gracy Lines neighbourhood of Chaklala Cantonment, in the south-eastern part of Rawalpindi. Reported to have been built in 1935, it has served since the pre-Partition era as one of the principal places of worship for the city's Hindu residents, and is counted among the three main Hindu temples of Rawalpindi district alongside the Krishna Mandir of Saddar and the Lal Kurti (Balmiki) Temple. Like the Lalkurti shrine it is dedicated to the sage-poet *Valmik* (Valmiki), author of the *Ramayana*, particularly venerated by the Balmiki community, and it remains active, celebrating festivals such as *Diwali* and *Holi*. In August 2014 the temple drew national and international attention when cantonment authorities issued notices for residents of Block 141, Gracy Lines, to vacate the area for a development scheme, raising fears that the temple and adjoining Hindu homes might be demolished. Members of the community petitioned the courts and obtained a stay against immediate demolition; authorities reportedly indicated that a replacement temple would be provided if relocation went ahead, and residents were said to have been offered alternative accommodation. In the event the temple was not demolished and continues in worship — a reminder of the precarious position of the small Hindu community's heritage in the twin cities of Rawalpindi and Islamabad.

Reporting on the temple's more recent history, profiles in *Dawn* and *Arab News* quote its longtime custodian, Budh Raj, confirming the 1935 founding and describing a congregation that now draws worshippers from well beyond Rawalpindi: because Islamabad itself has no functional Hindu temple, many of the capital's Hindu residents travel here to worship. By 2025 the building was showing its age, with ""worn carpet"" covering ""broken cement and chapped walls""; Budh Raj recalled that the cantonment once held ""two to three mandirs,"" left vacant after the Hindu population migrated at Partition. A 2023 profile in *The Express Tribune* described it simply as ""ancient and small,"" and a 2025 survey of Rawalpindi's Hindu heritage counted it, alongside the Krishna Temple of Saddar and the Lal Kurti Temple, as one of only three temples still functional in the city — characterising all three, including this one, as ""over a century old,"" a description at odds with the 1935 construction date reported elsewhere. The temple continues to host community festivals, with Diwali celebrations reported here as recently as November 2024.

## Bibliography
- Shiraz Hassan, ""Historic temple's days may be numbered,"" *Dawn*, 28 August 2014.
- Uroosa Jadoon, ""'No temple of their own': Islamabad's Hindus still wait for promised place of worship,"" *Arab News*, 29 August 2025.
- Qaiser Shirazi, ""A tale of overlooked places of worship,"" *The Express Tribune*, 23 January 2023.
- Qaiser Shirazi, ""Rawalpindi's Hindu heritage fades,"" *The Express Tribune*, 16 December 2025.
- ""Pindi lit up as Hindus celebrate 'Festival of Lights',"" *The Express Tribune*, 1 November 2024.","Verified-findings addition (16 August 2026): sources disagree on the temple's age. *The Express Tribune* (16 December 2025) describes all three of Rawalpindi's remaining functional Hindu temples, including this one, as ""over a century old,"" while *Dawn* (28 August 2014: ""79-year-old"" temple, ""Built in 1935"") and *Arab News* (29 August 2025; custodian Budh Raj: ""In 1935, our temple was built"") both give a 1935 construction date, which would make the temple roughly 90, not over 100, years old as of 2025. Reported as found in the sources; not resolved here."
